Domain Code,Domain,Area Code (M49),Area,Element Code,Element,Months Code,Months,Year Code,Year,Unit,Value,Flag,Flag Description
"ET","Temperature change on land","004","Afghanistan","7271","Temperature change","7020","Meteorological year","2018","2018","°C","1.548","E","Estimated value"
"ET","Temperature change on land","004","Afghanistan","7271","Temperature change","7020","Meteorological year","2019","2019","°C","0.892","E","Estimated value"
"ET","Temperature change on land","004","Afghanistan","7271","Temperature change","7020","Meteorological year","2020","2020","°C","0.483","E","Estimated value"
"ET","Temperature change on land","004","Afghanistan","7271","Temperature change","7020","Meteorological year","2021","2021","°C","1.311","E","Estimated value"
"ET","Temperature change on land","004","Afghanistan","7271","Temperature change","7020","Meteorological year","2022","2022","°C","1.876","E","Estimated value"
"ET","Temperature change on land","004","Afghanistan","7271","Temperature change","7020","Meteorological year","2023","2023","°C","1.667","E","Estimated value"
"ET","Temperature change on land","004","Afghanistan","7271","Temperature change","7020","Meteorological year","2024","2024","°C","2.082","E","Estimated value"
"ET","Temperature change on land","008","Albania","7271","Temperature change","7020","Meteorological year","2018","2018","°C","2.147","E","Estimated value"
"ET","Temperature change on land","008","Albania","7271","Temperature change","7020","Meteorological year","2019","2019","°C","1.787","E","Estimated value"
"ET","Temperature change on land","008","Albania","7271","Temperature change","7020","Meteorological year","2020","2020","°C","1.607","E","Estimated value"
"ET","Temperature change on land","008","Albania","7271","Temperature change","7020","Meteorological year","2021","2021","°C","1.691","E","Estimated value"
"ET","Temperature change on land","008","Albania","7271","Temperature change","7020","Meteorological year","2022","2022","°C","1.641","E","Estimated value"
"ET","Temperature change on land","008","Albania","7271","Temperature change","7020","Meteorological year","2023","2023","°C","2.251","E","Estimated value"
"ET","Temperature change on land","008","Albania","7271","Temperature change","7020","Meteorological year","2024","2024","°C","2.861","E","Estimated value"
"ET","Temperature change on land","012","Algeria","7271","Temperature change","7020","Meteorological year","2018","2018","°C","1.15","E","Estimated value"
"ET","Temperature change on land","012","Algeria","7271","Temperature change","7020","Meteorological year","2019","2019","°C","1.117","E","Estimated value"
"ET","Temperature change on land","012","Algeria","7271","Temperature change","7020","Meteorological year","2020","2020","°C","1.881","E","Estimated value"
"ET","Temperature change on land","012","Algeria","7271","Temperature change","7020","Meteorological year","2021","2021","°C","2.333","E","Estimated value"
"ET","Temperature change on land","012","Algeria","7271","Temperature change","7020","Meteorological year","2022","2022","°C","1.696","E","Estimated value"
"ET","Temperature change on land","012","Algeria","7271","Temperature change","7020","Meteorological year","2023","2023","°C","2.196","E","Estimated value"
"ET","Temperature change on land","012","Algeria","7271","Temperature change","7020","Meteorological year","2024","2024","°C","2.725","E","Estimated value"
"ET","Temperature change on land","016","American Samoa","7271","Temperature change","7020","Meteorological year","2018","2018","°C","0.99","E","Estimated value"
"ET","Temperature change on land","016","American Samoa","7271","Temperature change","7020","Meteorological year","2019","2019","°C","1.34","E","Estimated value"
"ET","Temperature change on land","016","American Samoa","7271","Temperature change","7020","Meteorological year","2020","2020","°C","1.232","E","Estimated value"
"ET","Temperature change on land","016","American Samoa","7271","Temperature change","7020","Meteorological year","2021","2021","°C","1.069","E","Estimated value"
"ET","Temperature change on land","016","American Samoa","7271","Temperature change","7020","Meteorological year","2022","2022","°C","1.057","E","Estimated value"
"ET","Temperature change on land","016","American Samoa","7271","Temperature change","7020","Meteorological year","2023","2023","°C","1.082","E","Estimated value"
"ET","Temperature change on land","016","American Samoa","7271","Temperature change","7020","Meteorological year","2024","2024","°C","1.658","E","Estimated value"
"ET","Temperature change on land","020","Andorra","7271","Temperature change","7020","Meteorological year","2018","2018","°C","1.847","E","Estimated value"
"ET","Temperature change on land","020","Andorra","7271","Temperature change","7020","Meteorological year","2019","2019","°C","1.893","E","Estimated value"
"ET","Temperature change on land","020","Andorra","7271","Temperature change","7020","Meteorological year","2020","2020","°C","2.48","E","Estimated value"
"ET","Temperature change on land","020","Andorra","7271","Temperature change","7020","Meteorological year","2021","2021","°C","1.453","E","Estimated value"
"ET","Temperature change on land","020","Andorra","7271","Temperature change","7020","Meteorological year","2022","2022","°C","3.147","E","Estimated value"
"ET","Temperature change on land","020","Andorra","7271","Temperature change","7020","Meteorological year","2023","2023","°C","2.768","E","Estimated value"
"ET","Temperature change on land","020","Andorra","7271","Temperature change","7020","Meteorological year","2024","2024","°C","2.423","E","Estimated value"
"ET","Temperature change on land","024","Angola","7271","Temperature change","7020","Meteorological year","2018","2018","°C","1.189","E","Estimated value"
"ET","Temperature change on land","024","Angola","7271","Temperature change","7020","Meteorological year","2019","2019","°C","1.444","E","Estimated value"
"ET","Temperature change on land","024","Angola","7271","Temperature change","7020","Meteorological year","2020","2020","°C","0.915","E","Estimated value"
"ET","Temperature change on land","024","Angola","7271","Temperature change","7020","Meteorological year","2021","2021","°C","1.451","E","Estimated value"
"ET","Temperature change on land","024","Angola","7271","Temperature change","7020","Meteorological year","2022","2022","°C","0.863","E","Estimated value"
"ET","Temperature change on land","024","Angola","7271","Temperature change","7020","Meteorological year","2023","2023","°C","1.383","E","Estimated value"
"ET","Temperature change on land","024","Angola","7271","Temperature change","7020","Meteorological year","2024","2024","°C","1.457","E","Estimated value"
"ET","Temperature change on land","660","Anguilla","7271","Temperature change","7020","Meteorological year","2018","2018","°C","0.561","E","Estimated value"
"ET","Temperature change on land","660","Anguilla","7271","Temperature change","7020","Meteorological year","2019","2019","°C","0.788","E","Estimated value"
"ET","Temperature change on land","660","Anguilla","7271","Temperature change","7020","Meteorological year","2020","2020","°C","1.165","E","Estimated value"
"ET","Temperature change on land","660","Anguilla","7271","Temperature change","7020","Meteorological year","2021","2021","°C","0.82","E","Estimated value"
"ET","Temperature change on land","660","Anguilla","7271","Temperature change","7020","Meteorological year","2022","2022","°C","0.819","E","Estimated value"
"ET","Temperature change on land","660","Anguilla","7271","Temperature change","7020","Meteorological year","2023","2023","°C","1.183","E","Estimated value"
"ET","Temperature change on land","660","Anguilla","7271","Temperature change","7020","Meteorological year","2024","2024","°C","1.534","E","Estimated value"
"ET","Temperature change on land","010","Antarctica","7271","Temperature change","7020","Meteorological year","2018","2018","°C","1.451","E","Estimated value"
"ET","Temperature change on land","010","Antarctica","7271","Temperature change","7020","Meteorological year","2019","2019","°C","0.654","E","Estimated value"
"ET","Temperature change on land","010","Antarctica","7271","Temperature change","7020","Meteorological year","2020","2020","°C","0.787","E","Estimated value"
"ET","Temperature change on land","010","Antarctica","7271","Temperature change","7020","Meteorological year","2021","2021","°C","-0.587","E","Estimated value"
"ET","Temperature change on land","010","Antarctica","7271","Temperature change","7020","Meteorological year","2022","2022","°C","0.47","E","Estimated value"
"ET","Temperature change on land","010","Antarctica","7271","Temperature change","7020","Meteorological year","2023","2023","°C","0.483","E","Estimated value"
"ET","Temperature change on land","010","Antarctica","7271","Temperature change","7020","Meteorological year","2024","2024","°C","0.53","E","Estimated value"
"ET","Temperature change on land","028","Antigua and Barbuda","7271","Temperature change","7020","Meteorological year","2018","2018","°C","0.556","E","Estimated value"
"ET","Temperature change on land","028","Antigua and Barbuda","7271","Temperature change","7020","Meteorological year","2019","2019","°C","0.811","E","Estimated value"
"ET","Temperature change on land","028","Antigua and Barbuda","7271","Temperature change","7020","Meteorological year","2020","2020","°C","1.131","E","Estimated value"
"ET","Temperature change on land","028","Antigua and Barbuda","7271","Temperature change","7020","Meteorological year","2021","2021","°C","0.857","E","Estimated value"
"ET","Temperature change on land","028","Antigua and Barbuda","7271","Temperature change","7020","Meteorological year","2022","2022","°C","0.758","E","Estimated value"
"ET","Temperature change on land","028","Antigua and Barbuda","7271","Temperature change","7020","Meteorological year","2023","2023","°C","1.113","E","Estimated value"
"ET","Temperature change on land","028","Antigua and Barbuda","7271","Temperature change","7020","Meteorological year","2024","2024","°C","1.54","E","Estimated value"
"ET","Temperature change on land","032","Argentina","7271","Temperature change","7020","Meteorological year","2018","2018","°C","0.764","E","Estimated value"
"ET","Temperature change on land","032","Argentina","7271","Temperature change","7020","Meteorological year","2019","2019","°C","0.66","E","Estimated value"
"ET","Temperature change on land","032","Argentina","7271","Temperature change","7020","Meteorological year","2020","2020","°C","1.017","E","Estimated value"
"ET","Temperature change on land","032","Argentina","7271","Temperature change","7020","Meteorological year","2021","2021","°C","0.915","E","Estimated value"
"ET","Temperature change on land","032","Argentina","7271","Temperature change","7020","Meteorological year","2022","2022","°C","0.543","E","Estimated value"
"ET","Temperature change on land","032","Argentina","7271","Temperature change","7020","Meteorological year","2023","2023","°C","1.435","E","Estimated value"
"ET","Temperature change on land","032","Argentina","7271","Temperature change","7020","Meteorological year","2024","2024","°C","1.001","E","Estimated value"
"ET","Temperature change on land","051","Armenia","7271","Temperature change","7020","Meteorological year","2018","2018","°C","2.691","E","Estimated value"
"ET","Temperature change on land","051","Armenia","7271","Temperature change","7020","Meteorological year","2019","2019","°C","1.757","E","Estimated value"
"ET","Temperature change on land","051","Armenia","7271","Temperature change","7020","Meteorological year","2020","2020","°C","1.849","E","Estimated value"
"ET","Temperature change on land","051","Armenia","7271","Temperature change","7020","Meteorological year","2021","2021","°C","2.142","E","Estimated value"
"ET","Temperature change on land","051","Armenia","7271","Temperature change","7020","Meteorological year","2022","2022","°C","1.783","E","Estimated value"
"ET","Temperature change on land","051","Armenia","7271","Temperature change","7020","Meteorological year","2023","2023","°C","2.173","E","Estimated value"
"ET","Temperature change on land","051","Armenia","7271","Temperature change","7020","Meteorological year","2024","2024","°C","2.339","E","Estimated value"
"ET","Temperature change on land","533","Aruba","7271","Temperature change","7020","Meteorological year","2018","2018","°C","0.951","E","Estimated value"
"ET","Temperature change on land","533","Aruba","7271","Temperature change","7020","Meteorological year","2019","2019","°C","1.287","E","Estimated value"
"ET","Temperature change on land","533","Aruba","7271","Temperature change","7020","Meteorological year","2020","2020","°C","1.631","E","Estimated value"
"ET","Temperature change on land","533","Aruba","7271","Temperature change","7020","Meteorological year","2021","2021","°C","","O","Missing value"
"ET","Temperature change on land","533","Aruba","7271","Temperature change","7020","Meteorological year","2022","2022","°C","","O","Missing value"
"ET","Temperature change on land","533","Aruba","7271","Temperature change","7020","Meteorological year","2023","2023","°C","","O","Missing value"
"ET","Temperature change on land","533","Aruba","7271","Temperature change","7020","Meteorological year","2024","2024","°C","","O","Missing value"
"ET","Temperature change on land","654","Ascension, Saint Helena and Tristan da Cunha","7271","Temperature change","7020","Meteorological year","2018","2018","°C","1.363","E","Estimated value"
"ET","Temperature change on land","654","Ascension, Saint Helena and Tristan da Cunha","7271","Temperature change","7020","Meteorological year","2019","2019","°C","1.534","E","Estimated value"
"ET","Temperature change on land","654","Ascension, Saint Helena and Tristan da Cunha","7271","Temperature change","7020","Meteorological year","2020","2020","°C","1.327","E","Estimated value"
"ET","Temperature change on land","654","Ascension, Saint Helena and Tristan da Cunha","7271","Temperature change","7020","Meteorological year","2021","2021","°C","1.458","E","Estimated value"
"ET","Temperature change on land","654","Ascension, Saint Helena and Tristan da Cunha","7271","Temperature change","7020","Meteorological year","2022","2022","°C","1.304","E","Estimated value"
"ET","Temperature change on land","654","Ascension, Saint Helena and Tristan da Cunha","7271","Temperature change","7020","Meteorological year","2023","2023","°C","1.488","E","Estimated value"
"ET","Temperature change on land","654","Ascension, Saint Helena and Tristan da Cunha","7271","Temperature change","7020","Meteorological year","2024","2024","°C","1.837","E","Estimated value"
"ET","Temperature change on land","036","Australia","7271","Temperature change","7020","Meteorological year","2018","2018","°C","1.126","E","Estimated value"
"ET","Temperature change on land","036","Australia","7271","Temperature change","7020","Meteorological year","2019","2019","°C","1.434","E","Estimated value"
"ET","Temperature change on land","036","Australia","7271","Temperature change","7020","Meteorological year","2020","2020","°C","1.432","E","Estimated value"
"ET","Temperature change on land","036","Australia","7271","Temperature change","7020","Meteorological year","2021","2021","°C","0.626","E","Estimated value"
"ET","Temperature change on land","036","Australia","7271","Temperature change","7020","Meteorological year","2022","2022","°C","0.757","E","Estimated value"
"ET","Temperature change on land","036","Australia","7271","Temperature change","7020","Meteorological year","2023","2023","°C","0.935","E","Estimated value"
"ET","Temperature change on land","036","Australia","7271","Temperature change","7020","Meteorological year","2024","2024","°C","1.51","E","Estimated value"
"ET","Temperature change on land","040","Austria","7271","Temperature change","7020","Meteorological year","2018","2018","°C","2.523","E","Estimated value"
"ET","Temperature change on land","040","Austria","7271","Temperature change","7020","Meteorological year","2019","2019","°C","2.359","E","Estimated value"
"ET","Temperature change on land","040","Austria","7271","Temperature change","7020","Meteorological year","2020","2020","°C","2.304","E","Estimated value"
"ET","Temperature change on land","040","Austria","7271","Temperature change","7020","Meteorological year","2021","2021","°C","1.391","E","Estimated value"
"ET","Temperature change on land","040","Austria","7271","Temperature change","7020","Meteorological year","2022","2022","°C","2.535","E","Estimated value"
"ET","Temperature change on land","040","Austria","7271","Temperature change","7020","Meteorological year","2023","2023","°C","2.604","E","Estimated value"
"ET","Temperature change on land","040","Austria","7271","Temperature change","7020","Meteorological year","2024","2024","°C","3.288","E","Estimated value"
"ET","Temperature change on land","031","Azerbaijan","7271","Temperature change","7020","Meteorological year","2018","2018","°C","2.239","E","Estimated value"
"ET","Temperature change on land","031","Azerbaijan","7271","Temperature change","7020","Meteorological year","2019","2019","°C","1.975","E","Estimated value"
"ET","Temperature change on land","031","Azerbaijan","7271","Temperature change","7020","Meteorological year","2020","2020","°C","1.995","E","Estimated value"
"ET","Temperature change on land","031","Azerbaijan","7271","Temperature change","7020","Meteorological year","2021","2021","°C","2.085","E","Estimated value"
"ET","Temperature change on land","031","Azerbaijan","7271","Temperature change","7020","Meteorological year","2022","2022","°C","2.194","E","Estimated value"
"ET","Temperature change on land","031","Azerbaijan","7271","Temperature change","7020","Meteorological year","2023","2023","°C","2.271","E","Estimated value"
"ET","Temperature change on land","031","Azerbaijan","7271","Temperature change","7020","Meteorological year","2024","2024","°C","2.153","E","Estimated value"
"ET","Temperature change on land","044","Bahamas","7271","Temperature change","7020","Meteorological year","2018","2018","°C","1.132","E","Estimated value"
"ET","Temperature change on land","044","Bahamas","7271","Temperature change","7020","Meteorological year","2019","2019","°C","1.552","E","Estimated value"
"ET","Temperature change on land","044","Bahamas","7271","Temperature change","7020","Meteorological year","2020","2020","°C","1.689","E","Estimated value"
"ET","Temperature change on land","044","Bahamas","7271","Temperature change","7020","Meteorological year","2021","2021","°C","0.668","E","Estimated value"
"ET","Temperature change on land","044","Bahamas","7271","Temperature change","7020","Meteorological year","2022","2022","°C","1.292","E","Estimated value"
"ET","Temperature change on land","044","Bahamas","7271","Temperature change","7020","Meteorological year","2023","2023","°C","1.665","E","Estimated value"
"ET","Temperature change on land","044","Bahamas","7271","Temperature change","7020","Meteorological year","2024","2024","°C","1.438","E","Estimated value"
"ET","Temperature change on land","048","Bahrain","7271","Temperature change","7020","Meteorological year","2018","2018","°C","2.193","E","Estimated value"
"ET","Temperature change on land","048","Bahrain","7271","Temperature change","7020","Meteorological year","2019","2019","°C","1.988","E","Estimated value"
"ET","Temperature change on land","048","Bahrain","7271","Temperature change","7020","Meteorological year","2020","2020","°C","2.007","E","Estimated value"
"ET","Temperature change on land","048","Bahrain","7271","Temperature change","7020","Meteorological year","2021","2021","°C","2.434","E","Estimated value"
"ET","Temperature change on land","048","Bahrain","7271","Temperature change","7020","Meteorological year","2022","2022","°C","2.003","E","Estimated value"
"ET","Temperature change on land","048","Bahrain","7271","Temperature change","7020","Meteorological year","2023","2023","°C","2.3","E","Estimated value"
"ET","Temperature change on land","048","Bahrain","7271","Temperature change","7020","Meteorological year","2024","2024","°C","2.466","E","Estimated value"
"ET","Temperature change on land","050","Bangladesh","7271","Temperature change","7020","Meteorological year","2018","2018","°C","1.151","E","Estimated value"
"ET","Temperature change on land","050","Bangladesh","7271","Temperature change","7020","Meteorological year","2019","2019","°C","1.397","E","Estimated value"
"ET","Temperature change on land","050","Bangladesh","7271","Temperature change","7020","Meteorological year","2020","2020","°C","1.165","E","Estimated value"
"ET","Temperature change on land","050","Bangladesh","7271","Temperature change","7020","Meteorological year","2021","2021","°C","1.574","E","Estimated value"
"ET","Temperature change on land","050","Bangladesh","7271","Temperature change","7020","Meteorological year","2022","2022","°C","1.456","E","Estimated value"
"ET","Temperature change on land","050","Bangladesh","7271","Temperature change","7020","Meteorological year","2023","2023","°C","1.853","E","Estimated value"
"ET","Temperature change on land","050","Bangladesh","7271","Temperature change","7020","Meteorological year","2024","2024","°C","1.639","E","Estimated value"
"ET","Temperature change on land","052","Barbados","7271","Temperature change","7020","Meteorological year","2018","2018","°C","0.972","E","Estimated value"
"ET","Temperature change on land","052","Barbados","7271","Temperature change","7020","Meteorological year","2019","2019","°C","1.455","E","Estimated value"
"ET","Temperature change on land","052","Barbados","7271","Temperature change","7020","Meteorological year","2020","2020","°C","1.315","E","Estimated value"
"ET","Temperature change on land","052","Barbados","7271","Temperature change","7020","Meteorological year","2021","2021","°C","1.351","E","Estimated value"
"ET","Temperature change on land","052","Barbados","7271","Temperature change","7020","Meteorological year","2022","2022","°C","1.163","E","Estimated value"
"ET","Temperature change on land","052","Barbados","7271","Temperature change","7020","Meteorological year","2023","2023","°C","","O","Missing value"
"ET","Temperature change on land","052","Barbados","7271","Temperature change","7020","Meteorological year","2024","2024","°C","","O","Missing value"
"ET","Temperature change on land","112","Belarus","7271","Temperature change","7020","Meteorological year","2018","2018","°C","2.272","E","Estimated value"
"ET","Temperature change on land","112","Belarus","7271","Temperature change","7020","Meteorological year","2019","2019","°C","2.606","E","Estimated value"
"ET","Temperature change on land","112","Belarus","7271","Temperature change","7020","Meteorological year","2020","2020","°C","3.443","E","Estimated value"
"ET","Temperature change on land","112","Belarus","7271","Temperature change","7020","Meteorological year","2021","2021","°C","1.626","E","Estimated value"
"ET","Temperature change on land","112","Belarus","7271","Temperature change","7020","Meteorological year","2022","2022","°C","1.827","E","Estimated value"
"ET","Temperature change on land","112","Belarus","7271","Temperature change","7020","Meteorological year","2023","2023","°C","2.645","E","Estimated value"
"ET","Temperature change on land","112","Belarus","7271","Temperature change","7020","Meteorological year","2024","2024","°C","3.46","E","Estimated value"
"ET","Temperature change on land","056","Belgium","7271","Temperature change","7020","Meteorological year","2018","2018","°C","2.181","E","Estimated value"
"ET","Temperature change on land","056","Belgium","7271","Temperature change","7020","Meteorological year","2019","2019","°C","2.063","E","Estimated value"
"ET","Temperature change on land","056","Belgium","7271","Temperature change","7020","Meteorological year","2020","2020","°C","2.55","E","Estimated value"
"ET","Temperature change on land","056","Belgium","7271","Temperature change","7020","Meteorological year","2021","2021","°C","1.191","E","Estimated value"
"ET","Temperature change on land","056","Belgium","7271","Temperature change","7020","Meteorological year","2022","2022","°C","2.788","E","Estimated value"
"ET","Temperature change on land","056","Belgium","7271","Temperature change","7020","Meteorological year","2023","2023","°C","2.426","E","Estimated value"
"ET","Temperature change on land","056","Belgium","7271","Temperature change","7020","Meteorological year","2024","2024","°C","2.603","E","Estimated value"
"ET","Temperature change on land","084","Belize","7271","Temperature change","7020","Meteorological year","2018","2018","°C","0.763","E","Estimated value"
"ET","Temperature change on land","084","Belize","7271","Temperature change","7020","Meteorological year","2019","2019","°C","1.459","E","Estimated value"
"ET","Temperature change on land","084","Belize","7271","Temperature change","7020","Meteorological year","2020","2020","°C","1.607","E","Estimated value"
"ET","Temperature change on land","084","Belize","7271","Temperature change","7020","Meteorological year","2021","2021","°C","1.224","E","Estimated value"
"ET","Temperature change on land","084","Belize","7271","Temperature change","7020","Meteorological year","2022","2022","°C","1.008","E","Estimated value"
"ET","Temperature change on land","084","Belize","7271","Temperature change","7020","Meteorological year","2023","2023","°C","1.873","E","Estimated value"
"ET","Temperature change on land","084","Belize","7271","Temperature change","7020","Meteorological year","2024","2024","°C","1.816","E","Estimated value"
"ET","Temperature change on land","204","Benin","7271","Temperature change","7020","Meteorological year","2018","2018","°C","1.05","E","Estimated value"
"ET","Temperature change on land","204","Benin","7271","Temperature change","7020","Meteorological year","2019","2019","°C","1.133","E","Estimated value"
"ET","Temperature change on land","204","Benin","7271","Temperature change","7020","Meteorological year","2020","2020","°C","1.048","E","Estimated value"
"ET","Temperature change on land","204","Benin","7271","Temperature change","7020","Meteorological year","2021","2021","°C","1.567","E","Estimated value"
"ET","Temperature change on land","204","Benin","7271","Temperature change","7020","Meteorological year","2022","2022","°C","0.94","E","Estimated value"
"ET","Temperature change on land","204","Benin","7271","Temperature change","7020","Meteorological year","2023","2023","°C","1.423","E","Estimated value"
"ET","Temperature change on land","204","Benin","7271","Temperature change","7020","Meteorological year","2024","2024","°C","1.46","E","Estimated value"
"ET","Temperature change on land","064","Bhutan","7271","Temperature change","7020","Meteorological year","2018","2018","°C","1.432","E","Estimated value"
"ET","Temperature change on land","064","Bhutan","7271","Temperature change","7020","Meteorological year","2019","2019","°C","1.377","E","Estimated value"
"ET","Temperature change on land","064","Bhutan","7271","Temperature change","7020","Meteorological year","2020","2020","°C","1.24","E","Estimated value"
"ET","Temperature change on land","064","Bhutan","7271","Temperature change","7020","Meteorological year","2021","2021","°C","1.854","E","Estimated value"
"ET","Temperature change on land","064","Bhutan","7271","Temperature change","7020","Meteorological year","2022","2022","°C","1.609","E","Estimated value"
"ET","Temperature change on land","064","Bhutan","7271","Temperature change","7020","Meteorological year","2023","2023","°C","1.91","E","Estimated value"
"ET","Temperature change on land","064","Bhutan","7271","Temperature change","7020","Meteorological year","2024","2024","°C","1.83","E","Estimated value"
"ET","Temperature change on land","068","Bolivia (Plurinational State of)","7271","Temperature change","7020","Meteorological year","2018","2018","°C","0.571","E","Estimated value"
"ET","Temperature change on land","068","Bolivia (Plurinational State of)","7271","Temperature change","7020","Meteorological year","2019","2019","°C","0.91","E","Estimated value"
"ET","Temperature change on land","068","Bolivia (Plurinational State of)","7271","Temperature change","7020","Meteorological year","2020","2020","°C","1.261","E","Estimated value"
"ET","Temperature change on land","068","Bolivia (Plurinational State of)","7271","Temperature change","7020","Meteorological year","2021","2021","°C","0.761","E","Estimated value"
"ET","Temperature change on land","068","Bolivia (Plurinational State of)","7271","Temperature change","7020","Meteorological year","2022","2022","°C","0.726","E","Estimated value"
"ET","Temperature change on land","068","Bolivia (Plurinational State of)","7271","Temperature change","7020","Meteorological year","2023","2023","°C","2.04","E","Estimated value"
"ET","Temperature change on land","068","Bolivia (Plurinational State of)","7271","Temperature change","7020","Meteorological year","2024","2024","°C","2.061","E","Estimated value"
"ET","Temperature change on land","070","Bosnia and Herzegovina","7271","Temperature change","7020","Meteorological year","2018","2018","°C","2.269","E","Estimated value"
"ET","Temperature change on land","070","Bosnia and Herzegovina","7271","Temperature change","7020","Meteorological year","2019","2019","°C","1.971","E","Estimated value"
"ET","Temperature change on land","070","Bosnia and Herzegovina","7271","Temperature change","7020","Meteorological year","2020","2020","°C","1.849","E","Estimated value"
"ET","Temperature change on land","070","Bosnia and Herzegovina","7271","Temperature change","7020","Meteorological year","2021","2021","°C","1.566","E","Estimated value"
"ET","Temperature change on land","070","Bosnia and Herzegovina","7271","Temperature change","7020","Meteorological year","2022","2022","°C","2.063","E","Estimated value"
"ET","Temperature change on land","070","Bosnia and Herzegovina","7271","Temperature change","7020","Meteorological year","2023","2023","°C","2.448","E","Estimated value"
"ET","Temperature change on land","070","Bosnia and Herzegovina","7271","Temperature change","7020","Meteorological year","2024","2024","°C","3.33","E","Estimated value"
"ET","Temperature change on land","072","Botswana","7271","Temperature change","7020","Meteorological year","2018","2018","°C","0.713","E","Estimated value"
"ET","Temperature change on land","072","Botswana","7271","Temperature change","7020","Meteorological year","2019","2019","°C","1.537","E","Estimated value"
"ET","Temperature change on land","072","Botswana","7271","Temperature change","7020","Meteorological year","2020","2020","°C","0.434","E","Estimated value"
"ET","Temperature change on land","072","Botswana","7271","Temperature change","7020","Meteorological year","2021","2021","°C","-0.322","E","Estimated value"
"ET","Temperature change on land","072","Botswana","7271","Temperature change","7020","Meteorological year","2022","2022","°C","0.085","E","Estimated value"
"ET","Temperature change on land","072","Botswana","7271","Temperature change","7020","Meteorological year","2023","2023","°C","0.888","E","Estimated value"
"ET","Temperature change on land","072","Botswana","7271","Temperature change","7020","Meteorological year","2024","2024","°C","1.597","E","Estimated value"
"ET","Temperature change on land","076","Brazil","7271","Temperature change","7020","Meteorological year","2018","2018","°C","1.199","E","Estimated value"
"ET","Temperature change on land","076","Brazil","7271","Temperature change","7020","Meteorological year","2019","2019","°C","1.564","E","Estimated value"
"ET","Temperature change on land","076","Brazil","7271","Temperature change","7020","Meteorological year","2020","2020","°C","1.421","E","Estimated value"
"ET","Temperature change on land","076","Brazil","7271","Temperature change","7020","Meteorological year","2021","2021","°C","1.146","E","Estimated value"
"ET","Temperature change on land","076","Brazil","7271","Temperature change","7020","Meteorological year","2022","2022","°C","0.965","E","Estimated value"
"ET","Temperature change on land","076","Brazil","7271","Temperature change","7020","Meteorological year","2023","2023","°C","1.658","E","Estimated value"
"ET","Temperature change on land","076","Brazil","7271","Temperature change","7020","Meteorological year","2024","2024","°C","2.037","E","Estimated value"
"ET","Temperature change on land","092","British Virgin Islands","7271","Temperature change","7020","Meteorological year","2018","2018","°C","0.556","E","Estimated value"
"ET","Temperature change on land","092","British Virgin Islands","7271","Temperature change","7020","Meteorological year","2019","2019","°C","0.772","E","Estimated value"
"ET","Temperature change on land","092","British Virgin Islands","7271","Temperature change","7020","Meteorological year","2020","2020","°C","1.179","E","Estimated value"
"ET","Temperature change on land","092","British Virgin Islands","7271","Temperature change","7020","Meteorological year","2021","2021","°C","0.806","E","Estimated value"
"ET","Temperature change on land","092","British Virgin Islands","7271","Temperature change","7020","Meteorological year","2022","2022","°C","0.875","E","Estimated value"
"ET","Temperature change on land","092","British Virgin Islands","7271","Temperature change","7020","Meteorological year","2023","2023","°C","1.261","E","Estimated value"
"ET","Temperature change on land","092","British Virgin Islands","7271","Temperature change","7020","Meteorological year","2024","2024","°C","1.505","E","Estimated value"
"ET","Temperature change on land","096","Brunei Darussalam","7271","Temperature change","7020","Meteorological year","2018","2018","°C","1.101","E","Estimated value"
"ET","Temperature change on land","096","Brunei Darussalam","7271","Temperature change","7020","Meteorological year","2019","2019","°C","1.348","E","Estimated value"
"ET","Temperature change on land","096","Brunei Darussalam","7271","Temperature change","7020","Meteorological year","2020","2020","°C","1.372","E","Estimated value"
"ET","Temperature change on land","096","Brunei Darussalam","7271","Temperature change","7020","Meteorological year","2021","2021","°C","1.083","E","Estimated value"
"ET","Temperature change on land","096","Brunei Darussalam","7271","Temperature change","7020","Meteorological year","2022","2022","°C","1.125","E","Estimated value"
"ET","Temperature change on land","096","Brunei Darussalam","7271","Temperature change","7020","Meteorological year","2023","2023","°C","1.304","E","Estimated value"
"ET","Temperature change on land","096","Brunei Darussalam","7271","Temperature change","7020","Meteorological year","2024","2024","°C","1.705","E","Estimated value"
"ET","Temperature change on land","100","Bulgaria","7271","Temperature change","7020","Meteorological year","2018","2018","°C","2.176","E","Estimated value"
"ET","Temperature change on land","100","Bulgaria","7271","Temperature change","7020","Meteorological year","2019","2019","°C","2.088","E","Estimated value"
"ET","Temperature change on land","100","Bulgaria","7271","Temperature change","7020","Meteorological year","2020","2020","°C","2.008","E","Estimated value"
"ET","Temperature change on land","100","Bulgaria","7271","Temperature change","7020","Meteorological year","2021","2021","°C","1.585","E","Estimated value"
"ET","Temperature change on land","100","Bulgaria","7271","Temperature change","7020","Meteorological year","2022","2022","°C","1.851","E","Estimated value"
"ET","Temperature change on land","100","Bulgaria","7271","Temperature change","7020","Meteorological year","2023","2023","°C","2.673","E","Estimated value"
"ET","Temperature change on land","100","Bulgaria","7271","Temperature change","7020","Meteorological year","2024","2024","°C","3.104","E","Estimated value"
"ET","Temperature change on land","854","Burkina Faso","7271","Temperature change","7020","Meteorological year","2018","2018","°C","1.127","E","Estimated value"
"ET","Temperature change on land","854","Burkina Faso","7271","Temperature change","7020","Meteorological year","2019","2019","°C","1.055","E","Estimated value"
"ET","Temperature change on land","854","Burkina Faso","7271","Temperature change","7020","Meteorological year","2020","2020","°C","1.026","E","Estimated value"
"ET","Temperature change on land","854","Burkina Faso","7271","Temperature change","7020","Meteorological year","2021","2021","°C","1.611","E","Estimated value"
"ET","Temperature change on land","854","Burkina Faso","7271","Temperature change","7020","Meteorological year","2022","2022","°C","0.784","E","Estimated value"
"ET","Temperature change on land","854","Burkina Faso","7271","Temperature change","7020","Meteorological year","2023","2023","°C","1.45","E","Estimated value"
"ET","Temperature change on land","854","Burkina Faso","7271","Temperature change","7020","Meteorological year","2024","2024","°C","1.437","E","Estimated value"
"ET","Temperature change on land","108","Burundi","7271","Temperature change","7020","Meteorological year","2018","2018","°C","","O","Missing value"
"ET","Temperature change on land","108","Burundi","7271","Temperature change","7020","Meteorological year","2019","2019","°C","","O","Missing value"
"ET","Temperature change on land","108","Burundi","7271","Temperature change","7020","Meteorological year","2020","2020","°C","","O","Missing value"
"ET","Temperature change on land","108","Burundi","7271","Temperature change","7020","Meteorological year","2021","2021","°C","","O","Missing value"
"ET","Temperature change on land","108","Burundi","7271","Temperature change","7020","Meteorological year","2022","2022","°C","","O","Missing value"
"ET","Temperature change on land","108","Burundi","7271","Temperature change","7020","Meteorological year","2023","2023","°C","","O","Missing value"
"ET","Temperature change on land","108","Burundi","7271","Temperature change","7020","Meteorological year","2024","2024","°C","","O","Missing value"
"ET","Temperature change on land","132","Cabo Verde","7271","Temperature change","7020","Meteorological year","2018","2018","°C","0.702","E","Estimated value"
"ET","Temperature change on land","132","Cabo Verde","7271","Temperature change","7020","Meteorological year","2019","2019","°C","1.39","E","Estimated value"
"ET","Temperature change on land","132","Cabo Verde","7271","Temperature change","7020","Meteorological year","2020","2020","°C","","O","Missing value"
"ET","Temperature change on land","132","Cabo Verde","7271","Temperature change","7020","Meteorological year","2021","2021","°C","1.493","E","Estimated value"
"ET","Temperature change on land","132","Cabo Verde","7271","Temperature change","7020","Meteorological year","2022","2022","°C","1.581","E","Estimated value"
"ET","Temperature change on land","132","Cabo Verde","7271","Temperature change","7020","Meteorological year","2023","2023","°C","2.541","E","Estimated value"
"ET","Temperature change on land","132","Cabo Verde","7271","Temperature change","7020","Meteorological year","2024","2024","°C","2.33","E","Estimated value"
"ET","Temperature change on land","116","Cambodia","7271","Temperature change","7020","Meteorological year","2018","2018","°C","0.756","E","Estimated value"
"ET","Temperature change on land","116","Cambodia","7271","Temperature change","7020","Meteorological year","2019","2019","°C","1.529","E","Estimated value"
"ET","Temperature change on land","116","Cambodia","7271","Temperature change","7020","Meteorological year","2020","2020","°C","1.401","E","Estimated value"
"ET","Temperature change on land","116","Cambodia","7271","Temperature change","7020","Meteorological year","2021","2021","°C","0.887","E","Estimated value"
"ET","Temperature change on land","116","Cambodia","7271","Temperature change","7020","Meteorological year","2022","2022","°C","0.902","E","Estimated value"
"ET","Temperature change on land","116","Cambodia","7271","Temperature change","7020","Meteorological year","2023","2023","°C","1.32","E","Estimated value"
"ET","Temperature change on land","116","Cambodia","7271","Temperature change","7020","Meteorological year","2024","2024","°C","2.001","E","Estimated value"
"ET","Temperature change on land","120","Cameroon","7271","Temperature change","7020","Meteorological year","2018","2018","°C","1.006","E","Estimated value"
"ET","Temperature change on land","120","Cameroon","7271","Temperature change","7020","Meteorological year","2019","2019","°C","1.411","E","Estimated value"
"ET","Temperature change on land","120","Cameroon","7271","Temperature change","7020","Meteorological year","2020","2020","°C","1.083","E","Estimated value"
"ET","Temperature change on land","120","Cameroon","7271","Temperature change","7020","Meteorological year","2021","2021","°C","1.225","E","Estimated value"
"ET","Temperature change on land","120","Cameroon","7271","Temperature change","7020","Meteorological year","2022","2022","°C","0.804","E","Estimated value"
"ET","Temperature change on land","120","Cameroon","7271","Temperature change","7020","Meteorological year","2023","2023","°C","1.081","E","Estimated value"
"ET","Temperature change on land","120","Cameroon","7271","Temperature change","7020","Meteorological year","2024","2024","°C","1.407","E","Estimated value"
"ET","Temperature change on land","124","Canada","7271","Temperature change","7020","Meteorological year","2018","2018","°C","0.499","E","Estimated value"
"ET","Temperature change on land","124","Canada","7271","Temperature change","7020","Meteorological year","2019","2019","°C","1.304","E","Estimated value"
"ET","Temperature change on land","124","Canada","7271","Temperature change","7020","Meteorological year","2020","2020","°C","1.13","E","Estimated value"
"ET","Temperature change on land","124","Canada","7271","Temperature change","7020","Meteorological year","2021","2021","°C","2.524","E","Estimated value"
"ET","Temperature change on land","124","Canada","7271","Temperature change","7020","Meteorological year","2022","2022","°C","1.256","E","Estimated value"
"ET","Temperature change on land","124","Canada","7271","Temperature change","7020","Meteorological year","2023","2023","°C","2.345","E","Estimated value"
"ET","Temperature change on land","124","Canada","7271","Temperature change","7020","Meteorological year","2024","2024","°C","3.359","E","Estimated value"
"ET","Temperature change on land","136","Cayman Islands","7271","Temperature change","7020","Meteorological year","2018","2018","°C","0.974","E","Estimated value"
"ET","Temperature change on land","136","Cayman Islands","7271","Temperature change","7020","Meteorological year","2019","2019","°C","1.375","E","Estimated value"
"ET","Temperature change on land","136","Cayman Islands","7271","Temperature change","7020","Meteorological year","2020","2020","°C","1.444","E","Estimated value"
"ET","Temperature change on land","136","Cayman Islands","7271","Temperature change","7020","Meteorological year","2021","2021","°C","1.152","E","Estimated value"
"ET","Temperature change on land","136","Cayman Islands","7271","Temperature change","7020","Meteorological year","2022","2022","°C","1.198","E","Estimated value"
"ET","Temperature change on land","136","Cayman Islands","7271","Temperature change","7020","Meteorological year","2023","2023","°C","1.76","E","Estimated value"
"ET","Temperature change on land","136","Cayman Islands","7271","Temperature change","7020","Meteorological year","2024","2024","°C","1.802","E","Estimated value"
"ET","Temperature change on land","140","Central African Republic","7271","Temperature change","7020","Meteorological year","2018","2018","°C","0.925","E","Estimated value"
"ET","Temperature change on land","140","Central African Republic","7271","Temperature change","7020","Meteorological year","2019","2019","°C","1.143","E","Estimated value"
"ET","Temperature change on land","140","Central African Republic","7271","Temperature change","7020","Meteorological year","2020","2020","°C","0.804","E","Estimated value"
"ET","Temperature change on land","140","Central African Republic","7271","Temperature change","7020","Meteorological year","2021","2021","°C","0.949","E","Estimated value"
"ET","Temperature change on land","140","Central African Republic","7271","Temperature change","7020","Meteorological year","2022","2022","°C","0.711","E","Estimated value"
"ET","Temperature change on land","140","Central African Republic","7271","Temperature change","7020","Meteorological year","2023","2023","°C","0.899","E","Estimated value"
"ET","Temperature change on land","140","Central African Republic","7271","Temperature change","7020","Meteorological year","2024","2024","°C","1.345","E","Estimated value"
"ET","Temperature change on land","148","Chad","7271","Temperature change","7020","Meteorological year","2018","2018","°C","1.19","E","Estimated value"
"ET","Temperature change on land","148","Chad","7271","Temperature change","7020","Meteorological year","2019","2019","°C","0.943","E","Estimated value"
"ET","Temperature change on land","148","Chad","7271","Temperature change","7020","Meteorological year","2020","2020","°C","0.852","E","Estimated value"
"ET","Temperature change on land","148","Chad","7271","Temperature change","7020","Meteorological year","2021","2021","°C","1.06","E","Estimated value"
"ET","Temperature change on land","148","Chad","7271","Temperature change","7020","Meteorological year","2022","2022","°C","0.594","E","Estimated value"
"ET","Temperature change on land","148","Chad","7271","Temperature change","7020","Meteorological year","2023","2023","°C","1.344","E","Estimated value"
"ET","Temperature change on land","148","Chad","7271","Temperature change","7020","Meteorological year","2024","2024","°C","1.617","E","Estimated value"
"ET","Temperature change on land","830","Channel Islands","7271","Temperature change","7020","Meteorological year","2018","2018","°C","1.449","E","Estimated value"
"ET","Temperature change on land","830","Channel Islands","7271","Temperature change","7020","Meteorological year","2019","2019","°C","1.566","E","Estimated value"
"ET","Temperature change on land","830","Channel Islands","7271","Temperature change","7020","Meteorological year","2020","2020","°C","2","E","Estimated value"
"ET","Temperature change on land","830","Channel Islands","7271","Temperature change","7020","Meteorological year","2021","2021","°C","1.049","E","Estimated value"
"ET","Temperature change on land","830","Channel Islands","7271","Temperature change","7020","Meteorological year","2022","2022","°C","2.433","E","Estimated value"
"ET","Temperature change on land","830","Channel Islands","7271","Temperature change","7020","Meteorological year","2023","2023","°C","2.038","E","Estimated value"
"ET","Temperature change on land","830","Channel Islands","7271","Temperature change","7020","Meteorological year","2024","2024","°C","1.9","E","Estimated value"
"ET","Temperature change on land","152","Chile","7271","Temperature change","7020","Meteorological year","2018","2018","°C","0.246","E","Estimated value"
"ET","Temperature change on land","152","Chile","7271","Temperature change","7020","Meteorological year","2019","2019","°C","0.392","E","Estimated value"
"ET","Temperature change on land","152","Chile","7271","Temperature change","7020","Meteorological year","2020","2020","°C","0.652","E","Estimated value"
"ET","Temperature change on land","152","Chile","7271","Temperature change","7020","Meteorological year","2021","2021","°C","0.618","E","Estimated value"
"ET","Temperature change on land","152","Chile","7271","Temperature change","7020","Meteorological year","2022","2022","°C","0.231","E","Estimated value"
"ET","Temperature change on land","152","Chile","7271","Temperature change","7020","Meteorological year","2023","2023","°C","0.901","E","Estimated value"
"ET","Temperature change on land","152","Chile","7271","Temperature change","7020","Meteorological year","2024","2024","°C","0.46","E","Estimated value"
"ET","Temperature change on land","159","China","7271","Temperature change","7020","Meteorological year","2018","2018","°C","1.388","E","Estimated value"
"ET","Temperature change on land","159","China","7271","Temperature change","7020","Meteorological year","2019","2019","°C","1.437","E","Estimated value"
"ET","Temperature change on land","159","China","7271","Temperature change","7020","Meteorological year","2020","2020","°C","1.66","E","Estimated value"
"ET","Temperature change on land","159","China","7271","Temperature change","7020","Meteorological year","2021","2021","°C","1.702","E","Estimated value"
"ET","Temperature change on land","159","China","7271","Temperature change","7020","Meteorological year","2022","2022","°C","1.902","E","Estimated value"
"ET","Temperature change on land","159","China","7271","Temperature change","7020","Meteorological year","2023","2023","°C","1.892","E","Estimated value"
"ET","Temperature change on land","159","China","7271","Temperature change","7020","Meteorological year","2024","2024","°C","2.274","E","Estimated value"
"ET","Temperature change on land","344","China, Hong Kong SAR","7271","Temperature change","7020","Meteorological year","2018","2018","°C","1.079","E","Estimated value"
"ET","Temperature change on land","344","China, Hong Kong SAR","7271","Temperature change","7020","Meteorological year","2019","2019","°C","1.654","E","Estimated value"
"ET","Temperature change on land","344","China, Hong Kong SAR","7271","Temperature change","7020","Meteorological year","2020","2020","°C","1.741","E","Estimated value"
"ET","Temperature change on land","344","China, Hong Kong SAR","7271","Temperature change","7020","Meteorological year","2021","2021","°C","1.837","E","Estimated value"
"ET","Temperature change on land","344","China, Hong Kong SAR","7271","Temperature change","7020","Meteorological year","2022","2022","°C","1.238","E","Estimated value"
"ET","Temperature change on land","344","China, Hong Kong SAR","7271","Temperature change","7020","Meteorological year","2023","2023","°C","1.281","E","Estimated value"
"ET","Temperature change on land","344","China, Hong Kong SAR","7271","Temperature change","7020","Meteorological year","2024","2024","°C","1.743","E","Estimated value"
"ET","Temperature change on land","446","China, Macao SAR","7271","Temperature change","7020","Meteorological year","2018","2018","°C","1.079","E","Estimated value"
"ET","Temperature change on land","446","China, Macao SAR","7271","Temperature change","7020","Meteorological year","2019","2019","°C","1.654","E","Estimated value"
"ET","Temperature change on land","446","China, Macao SAR","7271","Temperature change","7020","Meteorological year","2020","2020","°C","1.741","E","Estimated value"
"ET","Temperature change on land","446","China, Macao SAR","7271","Temperature change","7020","Meteorological year","2021","2021","°C","1.837","E","Estimated value"
"ET","Temperature change on land","446","China, Macao SAR","7271","Temperature change","7020","Meteorological year","2022","2022","°C","1.238","E","Estimated value"
"ET","Temperature change on land","446","China, Macao SAR","7271","Temperature change","7020","Meteorological year","2023","2023","°C","1.281","E","Estimated value"
"ET","Temperature change on land","446","China, Macao SAR","7271","Temperature change","7020","Meteorological year","2024","2024","°C","1.743","E","Estimated value"
"ET","Temperature change on land","156","China, mainland","7271","Temperature change","7020","Meteorological year","2018","2018","°C","1.39","E","Estimated value"
"ET","Temperature change on land","156","China, mainland","7271","Temperature change","7020","Meteorological year","2019","2019","°C","1.438","E","Estimated value"
"ET","Temperature change on land","156","China, mainland","7271","Temperature change","7020","Meteorological year","2020","2020","°C","1.661","E","Estimated value"
"ET","Temperature change on land","156","China, mainland","7271","Temperature change","7020","Meteorological year","2021","2021","°C","1.702","E","Estimated value"
"ET","Temperature change on land","156","China, mainland","7271","Temperature change","7020","Meteorological year","2022","2022","°C","1.905","E","Estimated value"
"ET","Temperature change on land","156","China, mainland","7271","Temperature change","7020","Meteorological year","2023","2023","°C","1.894","E","Estimated value"
"ET","Temperature change on land","156","China, mainland","7271","Temperature change","7020","Meteorological year","2024","2024","°C","2.277","E","Estimated value"
"ET","Temperature change on land","158","China, Taiwan Province of","7271","Temperature change","7020","Meteorological year","2018","2018","°C","0.877","E","Estimated value"
"ET","Temperature change on land","158","China, Taiwan Province of","7271","Temperature change","7020","Meteorological year","2019","2019","°C","1.084","E","Estimated value"
"ET","Temperature change on land","158","China, Taiwan Province of","7271","Temperature change","7020","Meteorological year","2020","2020","°C","1.522","E","Estimated value"
"ET","Temperature change on land","158","China, Taiwan Province of","7271","Temperature change","7020","Meteorological year","2021","2021","°C","1.699","E","Estimated value"
"ET","Temperature change on land","158","China, Taiwan Province of","7271","Temperature change","7020","Meteorological year","2022","2022","°C","1.215","E","Estimated value"
"ET","Temperature change on land","158","China, Taiwan Province of","7271","Temperature change","7020","Meteorological year","2023","2023","°C","1.309","E","Estimated value"
"ET","Temperature change on land","158","China, Taiwan Province of","7271","Temperature change","7020","Meteorological year","2024","2024","°C","1.618","E","Estimated value"
"ET","Temperature change on land","162","Christmas Island","7271","Temperature change","7020","Meteorological year","2018","2018","°C","0.959","E","Estimated value"
"ET","Temperature change on land","162","Christmas Island","7271","Temperature change","7020","Meteorological year","2019","2019","°C","1.347","E","Estimated value"
"ET","Temperature change on land","162","Christmas Island","7271","Temperature change","7020","Meteorological year","2020","2020","°C","1.881","E","Estimated value"
"ET","Temperature change on land","162","Christmas Island","7271","Temperature change","7020","Meteorological year","2021","2021","°C","1.481","E","Estimated value"
"ET","Temperature change on land","162","Christmas Island","7271","Temperature change","7020","Meteorological year","2022","2022","°C","1.41","E","Estimated value"
"ET","Temperature change on land","162","Christmas Island","7271","Temperature change","7020","Meteorological year","2023","2023","°C","1.422","E","Estimated value"
"ET","Temperature change on land","162","Christmas Island","7271","Temperature change","7020","Meteorological year","2024","2024","°C","2.054","E","Estimated value"
"ET","Temperature change on land","166","Cocos (Keeling) Islands","7271","Temperature change","7020","Meteorological year","2018","2018","°C","0.898","E","Estimated value"
"ET","Temperature change on land","166","Cocos (Keeling) Islands","7271","Temperature change","7020","Meteorological year","2019","2019","°C","1.019","E","Estimated value"
"ET","Temperature change on land","166","Cocos (Keeling) Islands","7271","Temperature change","7020","Meteorological year","2020","2020","°C","1.515","E","Estimated value"
"ET","Temperature change on land","166","Cocos (Keeling) Islands","7271","Temperature change","7020","Meteorological year","2021","2021","°C","1.169","E","Estimated value"
"ET","Temperature change on land","166","Cocos (Keeling) Islands","7271","Temperature change","7020","Meteorological year","2022","2022","°C","1.19","E","Estimated value"
"ET","Temperature change on land","166","Cocos (Keeling) Islands","7271","Temperature change","7020","Meteorological year","2023","2023","°C","0.824","E","Estimated value"
"ET","Temperature change on land","166","Cocos (Keeling) Islands","7271","Temperature change","7020","Meteorological year","2024","2024","°C","1.819","E","Estimated value"
"ET","Temperature change on land","170","Colombia","7271","Temperature change","7020","Meteorological year","2018","2018","°C","1.288","E","Estimated value"
"ET","Temperature change on land","170","Colombia","7271","Temperature change","7020","Meteorological year","2019","2019","°C","1.618","E","Estimated value"
"ET","Temperature change on land","170","Colombia","7271","Temperature change","7020","Meteorological year","2020","2020","°C","1.719","E","Estimated value"
"ET","Temperature change on land","170","Colombia","7271","Temperature change","7020","Meteorological year","2021","2021","°C","1.21","E","Estimated value"
"ET","Temperature change on land","170","Colombia","7271","Temperature change","7020","Meteorological year","2022","2022","°C","1.07","E","Estimated value"
"ET","Temperature change on land","170","Colombia","7271","Temperature change","7020","Meteorological year","2023","2023","°C","1.69","E","Estimated value"
"ET","Temperature change on land","170","Colombia","7271","Temperature change","7020","Meteorological year","2024","2024","°C","2.151","E","Estimated value"
"ET","Temperature change on land","174","Comoros","7271","Temperature change","7020","Meteorological year","2018","2018","°C","1.037","E","Estimated value"
"ET","Temperature change on land","174","Comoros","7271","Temperature change","7020","Meteorological year","2019","2019","°C","1.629","E","Estimated value"
"ET","Temperature change on land","174","Comoros","7271","Temperature change","7020","Meteorological year","2020","2020","°C","1.362","E","Estimated value"
"ET","Temperature change on land","174","Comoros","7271","Temperature change","7020","Meteorological year","2021","2021","°C","0.983","E","Estimated value"
"ET","Temperature change on land","174","Comoros","7271","Temperature change","7020","Meteorological year","2022","2022","°C","0.854","E","Estimated value"
"ET","Temperature change on land","174","Comoros","7271","Temperature change","7020","Meteorological year","2023","2023","°C","1.62","E","Estimated value"
"ET","Temperature change on land","174","Comoros","7271","Temperature change","7020","Meteorological year","2024","2024","°C","1.813","E","Estimated value"
"ET","Temperature change on land","178","Congo","7271","Temperature change","7020","Meteorological year","2018","2018","°C","1.095","E","Estimated value"
"ET","Temperature change on land","178","Congo","7271","Temperature change","7020","Meteorological year","2019","2019","°C","1.293","E","Estimated value"
"ET","Temperature change on land","178","Congo","7271","Temperature change","7020","Meteorological year","2020","2020","°C","1.332","E","Estimated value"
"ET","Temperature change on land","178","Congo","7271","Temperature change","7020","Meteorological year","2021","2021","°C","1.167","E","Estimated value"
"ET","Temperature change on land","178","Congo","7271","Temperature change","7020","Meteorological year","2022","2022","°C","1.093","E","Estimated value"
"ET","Temperature change on land","178","Congo","7271","Temperature change","7020","Meteorological year","2023","2023","°C","1.273","E","Estimated value"
"ET","Temperature change on land","178","Congo","7271","Temperature change","7020","Meteorological year","2024","2024","°C","1.446","E","Estimated value"
"ET","Temperature change on land","184","Cook Islands","7271","Temperature change","7020","Meteorological year","2018","2018","°C","0.717","E","Estimated value"
"ET","Temperature change on land","184","Cook Islands","7271","Temperature change","7020","Meteorological year","2019","2019","°C","0.644","E","Estimated value"
"ET","Temperature change on land","184","Cook Islands","7271","Temperature change","7020","Meteorological year","2020","2020","°C","0.753","E","Estimated value"
"ET","Temperature change on land","184","Cook Islands","7271","Temperature change","7020","Meteorological year","2021","2021","°C","1.046","E","Estimated value"
"ET","Temperature change on land","184","Cook Islands","7271","Temperature change","7020","Meteorological year","2022","2022","°C","0.957","E","Estimated value"
"ET","Temperature change on land","184","Cook Islands","7271","Temperature change","7020","Meteorological year","2023","2023","°C","0.436","E","Estimated value"
"ET","Temperature change on land","184","Cook Islands","7271","Temperature change","7020","Meteorological year","2024","2024","°C","0.786","E","Estimated value"
"ET","Temperature change on land","188","Costa Rica","7271","Temperature change","7020","Meteorological year","2018","2018","°C","1.193","E","Estimated value"
"ET","Temperature change on land","188","Costa Rica","7271","Temperature change","7020","Meteorological year","2019","2019","°C","1.364","E","Estimated value"
"ET","Temperature change on land","188","Costa Rica","7271","Temperature change","7020","Meteorological year","2020","2020","°C","1.406","E","Estimated value"
"ET","Temperature change on land","188","Costa Rica","7271","Temperature change","7020","Meteorological year","2021","2021","°C","1.007","E","Estimated value"
"ET","Temperature change on land","188","Costa Rica","7271","Temperature change","7020","Meteorological year","2022","2022","°C","0.897","E","Estimated value"
"ET","Temperature change on land","188","Costa Rica","7271","Temperature change","7020","Meteorological year","2023","2023","°C","1.707","E","Estimated value"
"ET","Temperature change on land","188","Costa Rica","7271","Temperature change","7020","Meteorological year","2024","2024","°C","1.759","E","Estimated value"
"ET","Temperature change on land","384","Côte d'Ivoire","7271","Temperature change","7020","Meteorological year","2018","2018","°C","1.273","E","Estimated value"
"ET","Temperature change on land","384","Côte d'Ivoire","7271","Temperature change","7020","Meteorological year","2019","2019","°C","1.312","E","Estimated value"
"ET","Temperature change on land","384","Côte d'Ivoire","7271","Temperature change","7020","Meteorological year","2020","2020","°C","1.324","E","Estimated value"
"ET","Temperature change on land","384","Côte d'Ivoire","7271","Temperature change","7020","Meteorological year","2021","2021","°C","1.421","E","Estimated value"
"ET","Temperature change on land","384","Côte d'Ivoire","7271","Temperature change","7020","Meteorological year","2022","2022","°C","1.145","E","Estimated value"
"ET","Temperature change on land","384","Côte d'Ivoire","7271","Temperature change","7020","Meteorological year","2023","2023","°C","1.602","E","Estimated value"
"ET","Temperature change on land","384","Côte d'Ivoire","7271","Temperature change","7020","Meteorological year","2024","2024","°C","1.725","E","Estimated value"
"ET","Temperature change on land","191","Croatia","7271","Temperature change","7020","Meteorological year","2018","2018","°C","2.263","E","Estimated value"
"ET","Temperature change on land","191","Croatia","7271","Temperature change","7020","Meteorological year","2019","2019","°C","2.051","E","Estimated value"
"ET","Temperature change on land","191","Croatia","7271","Temperature change","7020","Meteorological year","2020","2020","°C","1.951","E","Estimated value"
"ET","Temperature change on land","191","Croatia","7271","Temperature change","7020","Meteorological year","2021","2021","°C","1.541","E","Estimated value"
"ET","Temperature change on land","191","Croatia","7271","Temperature change","7020","Meteorological year","2022","2022","°C","2.212","E","Estimated value"
"ET","Temperature change on land","191","Croatia","7271","Temperature change","7020","Meteorological year","2023","2023","°C","2.486","E","Estimated value"
"ET","Temperature change on land","191","Croatia","7271","Temperature change","7020","Meteorological year","2024","2024","°C","3.308","E","Estimated value"
"ET","Temperature change on land","192","Cuba","7271","Temperature change","7020","Meteorological year","2018","2018","°C","1.034","E","Estimated value"
"ET","Temperature change on land","192","Cuba","7271","Temperature change","7020","Meteorological year","2019","2019","°C","1.429","E","Estimated value"
"ET","Temperature change on land","192","Cuba","7271","Temperature change","7020","Meteorological year","2020","2020","°C","1.571","E","Estimated value"
"ET","Temperature change on land","192","Cuba","7271","Temperature change","7020","Meteorological year","2021","2021","°C","1.146","E","Estimated value"
"ET","Temperature change on land","192","Cuba","7271","Temperature change","7020","Meteorological year","2022","2022","°C","1.304","E","Estimated value"
"ET","Temperature change on land","192","Cuba","7271","Temperature change","7020","Meteorological year","2023","2023","°C","1.737","E","Estimated value"
"ET","Temperature change on land","192","Cuba","7271","Temperature change","7020","Meteorological year","2024","2024","°C","1.579","E","Estimated value"
"ET","Temperature change on land","196","Cyprus","7271","Temperature change","7020","Meteorological year","2018","2018","°C","2.12","E","Estimated value"
"ET","Temperature change on land","196","Cyprus","7271","Temperature change","7020","Meteorological year","2019","2019","°C","1.425","E","Estimated value"
"ET","Temperature change on land","196","Cyprus","7271","Temperature change","7020","Meteorological year","2020","2020","°C","1.552","E","Estimated value"
"ET","Temperature change on land","196","Cyprus","7271","Temperature change","7020","Meteorological year","2021","2021","°C","1.852","E","Estimated value"
"ET","Temperature change on land","196","Cyprus","7271","Temperature change","7020","Meteorological year","2022","2022","°C","1.068","E","Estimated value"
"ET","Temperature change on land","196","Cyprus","7271","Temperature change","7020","Meteorological year","2023","2023","°C","1.75","E","Estimated value"
"ET","Temperature change on land","196","Cyprus","7271","Temperature change","7020","Meteorological year","2024","2024","°C","2.352","E","Estimated value"
"ET","Temperature change on land","203","Czechia","7271","Temperature change","7020","Meteorological year","2018","2018","°C","2.655","E","Estimated value"
"ET","Temperature change on land","203","Czechia","7271","Temperature change","7020","Meteorological year","2019","2019","°C","2.544","E","Estimated value"
"ET","Temperature change on land","203","Czechia","7271","Temperature change","7020","Meteorological year","2020","2020","°C","2.346","E","Estimated value"
"ET","Temperature change on land","203","Czechia","7271","Temperature change","7020","Meteorological year","2021","2021","°C","1.305","E","Estimated value"
"ET","Temperature change on land","203","Czechia","7271","Temperature change","7020","Meteorological year","2022","2022","°C","2.381","E","Estimated value"
"ET","Temperature change on land","203","Czechia","7271","Temperature change","7020","Meteorological year","2023","2023","°C","2.536","E","Estimated value"
"ET","Temperature change on land","203","Czechia","7271","Temperature change","7020","Meteorological year","2024","2024","°C","3.404","E","Estimated value"
"ET","Temperature change on land","408","Democratic People's Republic of Korea","7271","Temperature change","7020","Meteorological year","2018","2018","°C","1.086","E","Estimated value"
"ET","Temperature change on land","408","Democratic People's Republic of Korea","7271","Temperature change","7020","Meteorological year","2019","2019","°C","2.05","E","Estimated value"
"ET","Temperature change on land","408","Democratic People's Republic of Korea","7271","Temperature change","7020","Meteorological year","2020","2020","°C","2.082","E","Estimated value"
"ET","Temperature change on land","408","Democratic People's Republic of Korea","7271","Temperature change","7020","Meteorological year","2021","2021","°C","2.067","E","Estimated value"
"ET","Temperature change on land","408","Democratic People's Republic of Korea","7271","Temperature change","7020","Meteorological year","2022","2022","°C","1.804","E","Estimated value"
"ET","Temperature change on land","408","Democratic People's Republic of Korea","7271","Temperature change","7020","Meteorological year","2023","2023","°C","2.212","E","Estimated value"
"ET","Temperature change on land","408","Democratic People's Republic of Korea","7271","Temperature change","7020","Meteorological year","2024","2024","°C","2.794","E","Estimated value"
"ET","Temperature change on land","180","Democratic Republic of the Congo","7271","Temperature change","7020","Meteorological year","2018","2018","°C","1.206","E","Estimated value"
"ET","Temperature change on land","180","Democratic Republic of the Congo","7271","Temperature change","7020","Meteorological year","2019","2019","°C","1.319","E","Estimated value"
"ET","Temperature change on land","180","Democratic Republic of the Congo","7271","Temperature change","7020","Meteorological year","2020","2020","°C","1.409","E","Estimated value"
"ET","Temperature change on land","180","Democratic Republic of the Congo","7271","Temperature change","7020","Meteorological year","2021","2021","°C","1.35","E","Estimated value"
"ET","Temperature change on land","180","Democratic Republic of the Congo","7271","Temperature change","7020","Meteorological year","2022","2022","°C","1.241","E","Estimated value"
"ET","Temperature change on land","180","Democratic Republic of the Congo","7271","Temperature change","7020","Meteorological year","2023","2023","°C","1.321","E","Estimated value"
"ET","Temperature change on land","180","Democratic Republic of the Congo","7271","Temperature change","7020","Meteorological year","2024","2024","°C","1.437","E","Estimated value"
"ET","Temperature change on land","208","Denmark","7271","Temperature change","7020","Meteorological year","2018","2018","°C","2.107","E","Estimated value"
"ET","Temperature change on land","208","Denmark","7271","Temperature change","7020","Meteorological year","2019","2019","°C","2.178","E","Estimated value"
"ET","Temperature change on land","208","Denmark","7271","Temperature change","7020","Meteorological year","2020","2020","°C","2.636","E","Estimated value"
"ET","Temperature change on land","208","Denmark","7271","Temperature change","7020","Meteorological year","2021","2021","°C","1.687","E","Estimated value"
"ET","Temperature change on land","208","Denmark","7271","Temperature change","7020","Meteorological year","2022","2022","°C","2.231","E","Estimated value"
"ET","Temperature change on land","208","Denmark","7271","Temperature change","7020","Meteorological year","2023","2023","°C","1.876","E","Estimated value"
"ET","Temperature change on land","208","Denmark","7271","Temperature change","7020","Meteorological year","2024","2024","°C","2.344","E","Estimated value"
"ET","Temperature change on land","262","Djibouti","7271","Temperature change","7020","Meteorological year","2018","2018","°C","0.887","E","Estimated value"
"ET","Temperature change on land","262","Djibouti","7271","Temperature change","7020","Meteorological year","2019","2019","°C","0.917","E","Estimated value"
"ET","Temperature change on land","262","Djibouti","7271","Temperature change","7020","Meteorological year","2020","2020","°C","1.005","E","Estimated value"
"ET","Temperature change on land","262","Djibouti","7271","Temperature change","7020","Meteorological year","2021","2021","°C","0.647","E","Estimated value"
"ET","Temperature change on land","262","Djibouti","7271","Temperature change","7020","Meteorological year","2022","2022","°C","1.1","E","Estimated value"
"ET","Temperature change on land","262","Djibouti","7271","Temperature change","7020","Meteorological year","2023","2023","°C","0.366","E","Estimated value"
"ET","Temperature change on land","262","Djibouti","7271","Temperature change","7020","Meteorological year","2024","2024","°C","1.603","E","Estimated value"
"ET","Temperature change on land","212","Dominica","7271","Temperature change","7020","Meteorological year","2018","2018","°C","0.633","E","Estimated value"
"ET","Temperature change on land","212","Dominica","7271","Temperature change","7020","Meteorological year","2019","2019","°C","0.787","E","Estimated value"
"ET","Temperature change on land","212","Dominica","7271","Temperature change","7020","Meteorological year","2020","2020","°C","1.076","E","Estimated value"
"ET","Temperature change on land","212","Dominica","7271","Temperature change","7020","Meteorological year","2021","2021","°C","0.789","E","Estimated value"
"ET","Temperature change on land","212","Dominica","7271","Temperature change","7020","Meteorological year","2022","2022","°C","0.742","E","Estimated value"
"ET","Temperature change on land","212","Dominica","7271","Temperature change","7020","Meteorological year","2023","2023","°C","0.978","E","Estimated value"
"ET","Temperature change on land","212","Dominica","7271","Temperature change","7020","Meteorological year","2024","2024","°C","1.613","E","Estimated value"
"ET","Temperature change on land","214","Dominican Republic","7271","Temperature change","7020","Meteorological year","2018","2018","°C","0.874","E","Estimated value"
"ET","Temperature change on land","214","Dominican Republic","7271","Temperature change","7020","Meteorological year","2019","2019","°C","0.959","E","Estimated value"
"ET","Temperature change on land","214","Dominican Republic","7271","Temperature change","7020","Meteorological year","2020","2020","°C","1.398","E","Estimated value"
"ET","Temperature change on land","214","Dominican Republic","7271","Temperature change","7020","Meteorological year","2021","2021","°C","0.956","E","Estimated value"
"ET","Temperature change on land","214","Dominican Republic","7271","Temperature change","7020","Meteorological year","2022","2022","°C","0.893","E","Estimated value"
"ET","Temperature change on land","214","Dominican Republic","7271","Temperature change","7020","Meteorological year","2023","2023","°C","1.276","E","Estimated value"
"ET","Temperature change on land","214","Dominican Republic","7271","Temperature change","7020","Meteorological year","2024","2024","°C","1.382","E","Estimated value"
"ET","Temperature change on land","218","Ecuador","7271","Temperature change","7020","Meteorological year","2018","2018","°C","1.112","E","Estimated value"
"ET","Temperature change on land","218","Ecuador","7271","Temperature change","7020","Meteorological year","2019","2019","°C","1.454","E","Estimated value"
"ET","Temperature change on land","218","Ecuador","7271","Temperature change","7020","Meteorological year","2020","2020","°C","1.561","E","Estimated value"
"ET","Temperature change on land","218","Ecuador","7271","Temperature change","7020","Meteorological year","2021","2021","°C","1.002","E","Estimated value"
"ET","Temperature change on land","218","Ecuador","7271","Temperature change","7020","Meteorological year","2022","2022","°C","0.727","E","Estimated value"
"ET","Temperature change on land","218","Ecuador","7271","Temperature change","7020","Meteorological year","2023","2023","°C","2.094","E","Estimated value"
"ET","Temperature change on land","218","Ecuador","7271","Temperature change","7020","Meteorological year","2024","2024","°C","1.988","E","Estimated value"
"ET","Temperature change on land","818","Egypt","7271","Temperature change","7020","Meteorological year","2018","2018","°C","2.057","E","Estimated value"
"ET","Temperature change on land","818","Egypt","7271","Temperature change","7020","Meteorological year","2019","2019","°C","0.992","E","Estimated value"
"ET","Temperature change on land","818","Egypt","7271","Temperature change","7020","Meteorological year","2020","2020","°C","1","E","Estimated value"
"ET","Temperature change on land","818","Egypt","7271","Temperature change","7020","Meteorological year","2021","2021","°C","1.688","E","Estimated value"
"ET","Temperature change on land","818","Egypt","7271","Temperature change","7020","Meteorological year","2022","2022","°C","0.613","E","Estimated value"
"ET","Temperature change on land","818","Egypt","7271","Temperature change","7020","Meteorological year","2023","2023","°C","1.868","E","Estimated value"
"ET","Temperature change on land","818","Egypt","7271","Temperature change","7020","Meteorological year","2024","2024","°C","2.013","E","Estimated value"
"ET","Temperature change on land","222","El Salvador","7271","Temperature change","7020","Meteorological year","2018","2018","°C","0.733","E","Estimated value"
"ET","Temperature change on land","222","El Salvador","7271","Temperature change","7020","Meteorological year","2019","2019","°C","0.949","E","Estimated value"
"ET","Temperature change on land","222","El Salvador","7271","Temperature change","7020","Meteorological year","2020","2020","°C","1.419","E","Estimated value"
"ET","Temperature change on land","222","El Salvador","7271","Temperature change","7020","Meteorological year","2021","2021","°C","1.018","E","Estimated value"
"ET","Temperature change on land","222","El Salvador","7271","Temperature change","7020","Meteorological year","2022","2022","°C","0.742","E","Estimated value"
"ET","Temperature change on land","222","El Salvador","7271","Temperature change","7020","Meteorological year","2023","2023","°C","1.444","E","Estimated value"
"ET","Temperature change on land","222","El Salvador","7271","Temperature change","7020","Meteorological year","2024","2024","°C","1.554","E","Estimated value"
"ET","Temperature change on land","226","Equatorial Guinea","7271","Temperature change","7020","Meteorological year","2018","2018","°C","0.587","E","Estimated value"
"ET","Temperature change on land","226","Equatorial Guinea","7271","Temperature change","7020","Meteorological year","2019","2019","°C","1.361","E","Estimated value"
"ET","Temperature change on land","226","Equatorial Guinea","7271","Temperature change","7020","Meteorological year","2020","2020","°C","1.276","E","Estimated value"
"ET","Temperature change on land","226","Equatorial Guinea","7271","Temperature change","7020","Meteorological year","2021","2021","°C","0.994","E","Estimated value"
"ET","Temperature change on land","226","Equatorial Guinea","7271","Temperature change","7020","Meteorological year","2022","2022","°C","1.01","E","Estimated value"
"ET","Temperature change on land","226","Equatorial Guinea","7271","Temperature change","7020","Meteorological year","2023","2023","°C","1.025","E","Estimated value"
"ET","Temperature change on land","226","Equatorial Guinea","7271","Temperature change","7020","Meteorological year","2024","2024","°C","1.465","E","Estimated value"
"ET","Temperature change on land","232","Eritrea","7271","Temperature change","7020","Meteorological year","2018","2018","°C","0.946","E","Estimated value"
"ET","Temperature change on land","232","Eritrea","7271","Temperature change","7020","Meteorological year","2019","2019","°C","0.753","E","Estimated value"
"ET","Temperature change on land","232","Eritrea","7271","Temperature change","7020","Meteorological year","2020","2020","°C","","O","Missing value"
"ET","Temperature change on land","232","Eritrea","7271","Temperature change","7020","Meteorological year","2021","2021","°C","1.242","E","Estimated value"
"ET","Temperature change on land","232","Eritrea","7271","Temperature change","7020","Meteorological year","2022","2022","°C","0.295","E","Estimated value"
"ET","Temperature change on land","232","Eritrea","7271","Temperature change","7020","Meteorological year","2023","2023","°C","","O","Missing value"
"ET","Temperature change on land","232","Eritrea","7271","Temperature change","7020","Meteorological year","2024","2024","°C","","O","Missing value"
"ET","Temperature change on land","233","Estonia","7271","Temperature change","7020","Meteorological year","2018","2018","°C","2.392","E","Estimated value"
"ET","Temperature change on land","233","Estonia","7271","Temperature change","7020","Meteorological year","2019","2019","°C","2.195","E","Estimated value"
"ET","Temperature change on land","233","Estonia","7271","Temperature change","7020","Meteorological year","2020","2020","°C","3.599","E","Estimated value"
"ET","Temperature change on land","233","Estonia","7271","Temperature change","7020","Meteorological year","2021","2021","°C","2.135","E","Estimated value"
"ET","Temperature change on land","233","Estonia","7271","Temperature change","7020","Meteorological year","2022","2022","°C","1.962","E","Estimated value"
"ET","Temperature change on land","233","Estonia","7271","Temperature change","7020","Meteorological year","2023","2023","°C","2.178","E","Estimated value"
"ET","Temperature change on land","233","Estonia","7271","Temperature change","7020","Meteorological year","2024","2024","°C","2.768","E","Estimated value"
"ET","Temperature change on land","748","Eswatini","7271","Temperature change","7020","Meteorological year","2018","2018","°C","0.743","E","Estimated value"
"ET","Temperature change on land","748","Eswatini","7271","Temperature change","7020","Meteorological year","2019","2019","°C","1.491","E","Estimated value"
"ET","Temperature change on land","748","Eswatini","7271","Temperature change","7020","Meteorological year","2020","2020","°C","0.252","E","Estimated value"
"ET","Temperature change on land","748","Eswatini","7271","Temperature change","7020","Meteorological year","2021","2021","°C","0.566","E","Estimated value"
"ET","Temperature change on land","748","Eswatini","7271","Temperature change","7020","Meteorological year","2022","2022","°C","1.022","E","Estimated value"
"ET","Temperature change on land","748","Eswatini","7271","Temperature change","7020","Meteorological year","2023","2023","°C","0.764","E","Estimated value"
"ET","Temperature change on land","748","Eswatini","7271","Temperature change","7020","Meteorological year","2024","2024","°C","0.935","E","Estimated value"
"ET","Temperature change on land","231","Ethiopia","7271","Temperature change","7020","Meteorological year","2018","2018","°C","0.48","E","Estimated value"
"ET","Temperature change on land","231","Ethiopia","7271","Temperature change","7020","Meteorological year","2019","2019","°C","0.821","E","Estimated value"
"ET","Temperature change on land","231","Ethiopia","7271","Temperature change","7020","Meteorological year","2020","2020","°C","0.785","E","Estimated value"
"ET","Temperature change on land","231","Ethiopia","7271","Temperature change","7020","Meteorological year","2021","2021","°C","0.881","E","Estimated value"
"ET","Temperature change on land","231","Ethiopia","7271","Temperature change","7020","Meteorological year","2022","2022","°C","0.848","E","Estimated value"
"ET","Temperature change on land","231","Ethiopia","7271","Temperature change","7020","Meteorological year","2023","2023","°C","0.848","E","Estimated value"
"ET","Temperature change on land","231","Ethiopia","7271","Temperature change","7020","Meteorological year","2024","2024","°C","1.592","E","Estimated value"
"ET","Temperature change on land","238","Falkland Islands (Malvinas)","7271","Temperature change","7020","Meteorological year","2018","2018","°C","","O","Missing value"
"ET","Temperature change on land","238","Falkland Islands (Malvinas)","7271","Temperature change","7020","Meteorological year","2019","2019","°C","","O","Missing value"
"ET","Temperature change on land","238","Falkland Islands (Malvinas)","7271","Temperature change","7020","Meteorological year","2020","2020","°C","","O","Missing value"
"ET","Temperature change on land","238","Falkland Islands (Malvinas)","7271","Temperature change","7020","Meteorological year","2021","2021","°C","","O","Missing value"
"ET","Temperature change on land","238","Falkland Islands (Malvinas)","7271","Temperature change","7020","Meteorological year","2022","2022","°C","","O","Missing value"
"ET","Temperature change on land","238","Falkland Islands (Malvinas)","7271","Temperature change","7020","Meteorological year","2023","2023","°C","","O","Missing value"
"ET","Temperature change on land","238","Falkland Islands (Malvinas)","7271","Temperature change","7020","Meteorological year","2024","2024","°C","","O","Missing value"
"ET","Temperature change on land","234","Faroe Islands","7271","Temperature change","7020","Meteorological year","2018","2018","°C","0.923","E","Estimated value"
"ET","Temperature change on land","234","Faroe Islands","7271","Temperature change","7020","Meteorological year","2019","2019","°C","0.964","E","Estimated value"
"ET","Temperature change on land","234","Faroe Islands","7271","Temperature change","7020","Meteorological year","2020","2020","°C","0.934","E","Estimated value"
"ET","Temperature change on land","234","Faroe Islands","7271","Temperature change","7020","Meteorological year","2021","2021","°C","1.071","E","Estimated value"
"ET","Temperature change on land","234","Faroe Islands","7271","Temperature change","7020","Meteorological year","2022","2022","°C","1.324","E","Estimated value"
"ET","Temperature change on land","234","Faroe Islands","7271","Temperature change","7020","Meteorological year","2023","2023","°C","0.78","E","Estimated value"
"ET","Temperature change on land","234","Faroe Islands","7271","Temperature change","7020","Meteorological year","2024","2024","°C","1.107","E","Estimated value"
"ET","Temperature change on land","242","Fiji","7271","Temperature change","7020","Meteorological year","2018","2018","°C","1.039","E","Estimated value"
"ET","Temperature change on land","242","Fiji","7271","Temperature change","7020","Meteorological year","2019","2019","°C","1.216","E","Estimated value"
"ET","Temperature change on land","242","Fiji","7271","Temperature change","7020","Meteorological year","2020","2020","°C","1.345","E","Estimated value"
"ET","Temperature change on land","242","Fiji","7271","Temperature change","7020","Meteorological year","2021","2021","°C","1.113","E","Estimated value"
"ET","Temperature change on land","242","Fiji","7271","Temperature change","7020","Meteorological year","2022","2022","°C","1.3","E","Estimated value"
"ET","Temperature change on land","242","Fiji","7271","Temperature change","7020","Meteorological year","2023","2023","°C","0.997","E","Estimated value"
"ET","Temperature change on land","242","Fiji","7271","Temperature change","7020","Meteorological year","2024","2024","°C","1.286","E","Estimated value"
"ET","Temperature change on land","246","Finland","7271","Temperature change","7020","Meteorological year","2018","2018","°C","2.161","E","Estimated value"
"ET","Temperature change on land","246","Finland","7271","Temperature change","7020","Meteorological year","2019","2019","°C","1.451","E","Estimated value"
"ET","Temperature change on land","246","Finland","7271","Temperature change","7020","Meteorological year","2020","2020","°C","3.319","E","Estimated value"
"ET","Temperature change on land","246","Finland","7271","Temperature change","7020","Meteorological year","2021","2021","°C","1.941","E","Estimated value"
"ET","Temperature change on land","246","Finland","7271","Temperature change","7020","Meteorological year","2022","2022","°C","2.055","E","Estimated value"
"ET","Temperature change on land","246","Finland","7271","Temperature change","7020","Meteorological year","2023","2023","°C","1.884","E","Estimated value"
"ET","Temperature change on land","246","Finland","7271","Temperature change","7020","Meteorological year","2024","2024","°C","2.267","E","Estimated value"
"ET","Temperature change on land","250","France","7271","Temperature change","7020","Meteorological year","2018","2018","°C","1.99","E","Estimated value"
"ET","Temperature change on land","250","France","7271","Temperature change","7020","Meteorological year","2019","2019","°C","1.952","E","Estimated value"
"ET","Temperature change on land","250","France","7271","Temperature change","7020","Meteorological year","2020","2020","°C","2.481","E","Estimated value"
"ET","Temperature change on land","250","France","7271","Temperature change","7020","Meteorological year","2021","2021","°C","1.27","E","Estimated value"
"ET","Temperature change on land","250","France","7271","Temperature change","7020","Meteorological year","2022","2022","°C","2.869","E","Estimated value"
"ET","Temperature change on land","250","France","7271","Temperature change","7020","Meteorological year","2023","2023","°C","2.587","E","Estimated value"
"ET","Temperature change on land","250","France","7271","Temperature change","7020","Meteorological year","2024","2024","°C","2.389","E","Estimated value"
"ET","Temperature change on land","254","French Guiana","7271","Temperature change","7020","Meteorological year","2018","2018","°C","1.332","E","Estimated value"
"ET","Temperature change on land","254","French Guiana","7271","Temperature change","7020","Meteorological year","2019","2019","°C","1.648","E","Estimated value"
"ET","Temperature change on land","254","French Guiana","7271","Temperature change","7020","Meteorological year","2020","2020","°C","1.755","E","Estimated value"
"ET","Temperature change on land","254","French Guiana","7271","Temperature change","7020","Meteorological year","2021","2021","°C","1.448","E","Estimated value"
"ET","Temperature change on land","254","French Guiana","7271","Temperature change","7020","Meteorological year","2022","2022","°C","1.306","E","Estimated value"
"ET","Temperature change on land","254","French Guiana","7271","Temperature change","7020","Meteorological year","2023","2023","°C","1.792","E","Estimated value"
"ET","Temperature change on land","254","French Guiana","7271","Temperature change","7020","Meteorological year","2024","2024","°C","2.419","E","Estimated value"
"ET","Temperature change on land","258","French Polynesia","7271","Temperature change","7020","Meteorological year","2018","2018","°C","0.489","E","Estimated value"
"ET","Temperature change on land","258","French Polynesia","7271","Temperature change","7020","Meteorological year","2019","2019","°C","0.716","E","Estimated value"
"ET","Temperature change on land","258","French Polynesia","7271","Temperature change","7020","Meteorological year","2020","2020","°C","0.687","E","Estimated value"
"ET","Temperature change on land","258","French Polynesia","7271","Temperature change","7020","Meteorological year","2021","2021","°C","0.646","E","Estimated value"
"ET","Temperature change on land","258","French Polynesia","7271","Temperature change","7020","Meteorological year","2022","2022","°C","0.214","E","Estimated value"
"ET","Temperature change on land","258","French Polynesia","7271","Temperature change","7020","Meteorological year","2023","2023","°C","0.867","E","Estimated value"
"ET","Temperature change on land","258","French Polynesia","7271","Temperature change","7020","Meteorological year","2024","2024","°C","0.958","E","Estimated value"
"ET","Temperature change on land","260","French Southern Territories","7271","Temperature change","7020","Meteorological year","2018","2018","°C","0.798","E","Estimated value"
"ET","Temperature change on land","260","French Southern Territories","7271","Temperature change","7020","Meteorological year","2019","2019","°C","0.658","E","Estimated value"
"ET","Temperature change on land","260","French Southern Territories","7271","Temperature change","7020","Meteorological year","2020","2020","°C","0.341","E","Estimated value"
"ET","Temperature change on land","260","French Southern Territories","7271","Temperature change","7020","Meteorological year","2021","2021","°C","0.603","E","Estimated value"
"ET","Temperature change on land","260","French Southern Territories","7271","Temperature change","7020","Meteorological year","2022","2022","°C","0.641","E","Estimated value"
"ET","Temperature change on land","260","French Southern Territories","7271","Temperature change","7020","Meteorological year","2023","2023","°C","1.286","E","Estimated value"
"ET","Temperature change on land","260","French Southern Territories","7271","Temperature change","7020","Meteorological year","2024","2024","°C","0.917","E","Estimated value"
"ET","Temperature change on land","266","Gabon","7271","Temperature change","7020","Meteorological year","2018","2018","°C","0.912","E","Estimated value"
"ET","Temperature change on land","266","Gabon","7271","Temperature change","7020","Meteorological year","2019","2019","°C","1.393","E","Estimated value"
"ET","Temperature change on land","266","Gabon","7271","Temperature change","7020","Meteorological year","2020","2020","°C","1.283","E","Estimated value"
"ET","Temperature change on land","266","Gabon","7271","Temperature change","7020","Meteorological year","2021","2021","°C","1.021","E","Estimated value"
"ET","Temperature change on land","266","Gabon","7271","Temperature change","7020","Meteorological year","2022","2022","°C","0.895","E","Estimated value"
"ET","Temperature change on land","266","Gabon","7271","Temperature change","7020","Meteorological year","2023","2023","°C","1.213","E","Estimated value"
"ET","Temperature change on land","266","Gabon","7271","Temperature change","7020","Meteorological year","2024","2024","°C","1.479","E","Estimated value"
"ET","Temperature change on land","270","Gambia","7271","Temperature change","7020","Meteorological year","2018","2018","°C","1.075","E","Estimated value"
"ET","Temperature change on land","270","Gambia","7271","Temperature change","7020","Meteorological year","2019","2019","°C","1.423","E","Estimated value"
"ET","Temperature change on land","270","Gambia","7271","Temperature change","7020","Meteorological year","2020","2020","°C","1.853","E","Estimated value"
"ET","Temperature change on land","270","Gambia","7271","Temperature change","7020","Meteorological year","2021","2021","°C","1.758","E","Estimated value"
"ET","Temperature change on land","270","Gambia","7271","Temperature change","7020","Meteorological year","2022","2022","°C","1.487","E","Estimated value"
"ET","Temperature change on land","270","Gambia","7271","Temperature change","7020","Meteorological year","2023","2023","°C","1.851","E","Estimated value"
"ET","Temperature change on land","270","Gambia","7271","Temperature change","7020","Meteorological year","2024","2024","°C","1.966","E","Estimated value"
"ET","Temperature change on land","268","Georgia","7271","Temperature change","7020","Meteorological year","2018","2018","°C","2.43","E","Estimated value"
"ET","Temperature change on land","268","Georgia","7271","Temperature change","7020","Meteorological year","2019","2019","°C","1.677","E","Estimated value"
"ET","Temperature change on land","268","Georgia","7271","Temperature change","7020","Meteorological year","2020","2020","°C","1.95","E","Estimated value"
"ET","Temperature change on land","268","Georgia","7271","Temperature change","7020","Meteorological year","2021","2021","°C","1.695","E","Estimated value"
"ET","Temperature change on land","268","Georgia","7271","Temperature change","7020","Meteorological year","2022","2022","°C","1.586","E","Estimated value"
"ET","Temperature change on land","268","Georgia","7271","Temperature change","7020","Meteorological year","2023","2023","°C","2.031","E","Estimated value"
"ET","Temperature change on land","268","Georgia","7271","Temperature change","7020","Meteorological year","2024","2024","°C","2.391","E","Estimated value"
"ET","Temperature change on land","276","Germany","7271","Temperature change","7020","Meteorological year","2018","2018","°C","2.387","E","Estimated value"
"ET","Temperature change on land","276","Germany","7271","Temperature change","7020","Meteorological year","2019","2019","°C","2.321","E","Estimated value"
"ET","Temperature change on land","276","Germany","7271","Temperature change","7020","Meteorological year","2020","2020","°C","2.506","E","Estimated value"
"ET","Temperature change on land","276","Germany","7271","Temperature change","7020","Meteorological year","2021","2021","°C","1.319","E","Estimated value"
"ET","Temperature change on land","276","Germany","7271","Temperature change","7020","Meteorological year","2022","2022","°C","2.593","E","Estimated value"
"ET","Temperature change on land","276","Germany","7271","Temperature change","7020","Meteorological year","2023","2023","°C","2.461","E","Estimated value"
"ET","Temperature change on land","276","Germany","7271","Temperature change","7020","Meteorological year","2024","2024","°C","3","E","Estimated value"
"ET","Temperature change on land","288","Ghana","7271","Temperature change","7020","Meteorological year","2018","2018","°C","0.982","E","Estimated value"
"ET","Temperature change on land","288","Ghana","7271","Temperature change","7020","Meteorological year","2019","2019","°C","1.227","E","Estimated value"
"ET","Temperature change on land","288","Ghana","7271","Temperature change","7020","Meteorological year","2020","2020","°C","1.187","E","Estimated value"
"ET","Temperature change on land","288","Ghana","7271","Temperature change","7020","Meteorological year","2021","2021","°C","1.403","E","Estimated value"
"ET","Temperature change on land","288","Ghana","7271","Temperature change","7020","Meteorological year","2022","2022","°C","0.894","E","Estimated value"
"ET","Temperature change on land","288","Ghana","7271","Temperature change","7020","Meteorological year","2023","2023","°C","1.272","E","Estimated value"
"ET","Temperature change on land","288","Ghana","7271","Temperature change","7020","Meteorological year","2024","2024","°C","1.627","E","Estimated value"
"ET","Temperature change on land","292","Gibraltar","7271","Temperature change","7020","Meteorological year","2018","2018","°C","0.753","E","Estimated value"
"ET","Temperature change on land","292","Gibraltar","7271","Temperature change","7020","Meteorological year","2019","2019","°C","1.282","E","Estimated value"
"ET","Temperature change on land","292","Gibraltar","7271","Temperature change","7020","Meteorological year","2020","2020","°C","1.886","E","Estimated value"
"ET","Temperature change on land","292","Gibraltar","7271","Temperature change","7020","Meteorological year","2021","2021","°C","1.42","E","Estimated value"
"ET","Temperature change on land","292","Gibraltar","7271","Temperature change","7020","Meteorological year","2022","2022","°C","2.152","E","Estimated value"
"ET","Temperature change on land","292","Gibraltar","7271","Temperature change","7020","Meteorological year","2023","2023","°C","2.523","E","Estimated value"
"ET","Temperature change on land","292","Gibraltar","7271","Temperature change","7020","Meteorological year","2024","2024","°C","2.173","E","Estimated value"
"ET","Temperature change on land","300","Greece","7271","Temperature change","7020","Meteorological year","2018","2018","°C","2.002","E","Estimated value"
"ET","Temperature change on land","300","Greece","7271","Temperature change","7020","Meteorological year","2019","2019","°C","1.475","E","Estimated value"
"ET","Temperature change on land","300","Greece","7271","Temperature change","7020","Meteorological year","2020","2020","°C","1.351","E","Estimated value"
"ET","Temperature change on land","300","Greece","7271","Temperature change","7020","Meteorological year","2021","2021","°C","1.718","E","Estimated value"
"ET","Temperature change on land","300","Greece","7271","Temperature change","7020","Meteorological year","2022","2022","°C","1.109","E","Estimated value"
"ET","Temperature change on land","300","Greece","7271","Temperature change","7020","Meteorological year","2023","2023","°C","1.909","E","Estimated value"
"ET","Temperature change on land","300","Greece","7271","Temperature change","7020","Meteorological year","2024","2024","°C","2.678","E","Estimated value"
"ET","Temperature change on land","304","Greenland","7271","Temperature change","7020","Meteorological year","2018","2018","°C","0.922","E","Estimated value"
"ET","Temperature change on land","304","Greenland","7271","Temperature change","7020","Meteorological year","2019","2019","°C","2.137","E","Estimated value"
"ET","Temperature change on land","304","Greenland","7271","Temperature change","7020","Meteorological year","2020","2020","°C","1.119","E","Estimated value"
"ET","Temperature change on land","304","Greenland","7271","Temperature change","7020","Meteorological year","2021","2021","°C","2.213","E","Estimated value"
"ET","Temperature change on land","304","Greenland","7271","Temperature change","7020","Meteorological year","2022","2022","°C","1.471","E","Estimated value"
"ET","Temperature change on land","304","Greenland","7271","Temperature change","7020","Meteorological year","2023","2023","°C","1.304","E","Estimated value"
"ET","Temperature change on land","304","Greenland","7271","Temperature change","7020","Meteorological year","2024","2024","°C","1.585","E","Estimated value"
"ET","Temperature change on land","308","Grenada","7271","Temperature change","7020","Meteorological year","2018","2018","°C","0.859","E","Estimated value"
"ET","Temperature change on land","308","Grenada","7271","Temperature change","7020","Meteorological year","2019","2019","°C","1.09","E","Estimated value"
"ET","Temperature change on land","308","Grenada","7271","Temperature change","7020","Meteorological year","2020","2020","°C","1.346","E","Estimated value"
"ET","Temperature change on land","308","Grenada","7271","Temperature change","7020","Meteorological year","2021","2021","°C","1.023","E","Estimated value"
"ET","Temperature change on land","308","Grenada","7271","Temperature change","7020","Meteorological year","2022","2022","°C","0.945","E","Estimated value"
"ET","Temperature change on land","308","Grenada","7271","Temperature change","7020","Meteorological year","2023","2023","°C","1.219","E","Estimated value"
"ET","Temperature change on land","308","Grenada","7271","Temperature change","7020","Meteorological year","2024","2024","°C","2.003","E","Estimated value"
"ET","Temperature change on land","312","Guadeloupe","7271","Temperature change","7020","Meteorological year","2018","2018","°C","0.588","E","Estimated value"
"ET","Temperature change on land","312","Guadeloupe","7271","Temperature change","7020","Meteorological year","2019","2019","°C","0.79","E","Estimated value"
"ET","Temperature change on land","312","Guadeloupe","7271","Temperature change","7020","Meteorological year","2020","2020","°C","1.127","E","Estimated value"
"ET","Temperature change on land","312","Guadeloupe","7271","Temperature change","7020","Meteorological year","2021","2021","°C","0.813","E","Estimated value"
"ET","Temperature change on land","312","Guadeloupe","7271","Temperature change","7020","Meteorological year","2022","2022","°C","0.782","E","Estimated value"
"ET","Temperature change on land","312","Guadeloupe","7271","Temperature change","7020","Meteorological year","2023","2023","°C","1.096","E","Estimated value"
"ET","Temperature change on land","312","Guadeloupe","7271","Temperature change","7020","Meteorological year","2024","2024","°C","1.563","E","Estimated value"
"ET","Temperature change on land","320","Guatemala","7271","Temperature change","7020","Meteorological year","2018","2018","°C","0.893","E","Estimated value"
"ET","Temperature change on land","320","Guatemala","7271","Temperature change","7020","Meteorological year","2019","2019","°C","1.405","E","Estimated value"
"ET","Temperature change on land","320","Guatemala","7271","Temperature change","7020","Meteorological year","2020","2020","°C","1.692","E","Estimated value"
"ET","Temperature change on land","320","Guatemala","7271","Temperature change","7020","Meteorological year","2021","2021","°C","1.421","E","Estimated value"
"ET","Temperature change on land","320","Guatemala","7271","Temperature change","7020","Meteorological year","2022","2022","°C","1.095","E","Estimated value"
"ET","Temperature change on land","320","Guatemala","7271","Temperature change","7020","Meteorological year","2023","2023","°C","1.769","E","Estimated value"
"ET","Temperature change on land","320","Guatemala","7271","Temperature change","7020","Meteorological year","2024","2024","°C","1.861","E","Estimated value"
"ET","Temperature change on land","831","Guernsey","7271","Temperature change","7020","Meteorological year","2018","2018","°C","1.421","E","Estimated value"
"ET","Temperature change on land","831","Guernsey","7271","Temperature change","7020","Meteorological year","2019","2019","°C","1.532","E","Estimated value"
"ET","Temperature change on land","831","Guernsey","7271","Temperature change","7020","Meteorological year","2020","2020","°C","1.966","E","Estimated value"
"ET","Temperature change on land","831","Guernsey","7271","Temperature change","7020","Meteorological year","2021","2021","°C","1.028","E","Estimated value"
"ET","Temperature change on land","831","Guernsey","7271","Temperature change","7020","Meteorological year","2022","2022","°C","2.404","E","Estimated value"
"ET","Temperature change on land","831","Guernsey","7271","Temperature change","7020","Meteorological year","2023","2023","°C","1.975","E","Estimated value"
"ET","Temperature change on land","831","Guernsey","7271","Temperature change","7020","Meteorological year","2024","2024","°C","1.892","E","Estimated value"
"ET","Temperature change on land","324","Guinea","7271","Temperature change","7020","Meteorological year","2018","2018","°C","1.222","E","Estimated value"
"ET","Temperature change on land","324","Guinea","7271","Temperature change","7020","Meteorological year","2019","2019","°C","1.438","E","Estimated value"
"ET","Temperature change on land","324","Guinea","7271","Temperature change","7020","Meteorological year","2020","2020","°C","1.503","E","Estimated value"
"ET","Temperature change on land","324","Guinea","7271","Temperature change","7020","Meteorological year","2021","2021","°C","1.776","E","Estimated value"
"ET","Temperature change on land","324","Guinea","7271","Temperature change","7020","Meteorological year","2022","2022","°C","1.405","E","Estimated value"
"ET","Temperature change on land","324","Guinea","7271","Temperature change","7020","Meteorological year","2023","2023","°C","1.683","E","Estimated value"
"ET","Temperature change on land","324","Guinea","7271","Temperature change","7020","Meteorological year","2024","2024","°C","1.845","E","Estimated value"
"ET","Temperature change on land","624","Guinea-Bissau","7271","Temperature change","7020","Meteorological year","2018","2018","°C","1.176","E","Estimated value"
"ET","Temperature change on land","624","Guinea-Bissau","7271","Temperature change","7020","Meteorological year","2019","2019","°C","1.497","E","Estimated value"
"ET","Temperature change on land","624","Guinea-Bissau","7271","Temperature change","7020","Meteorological year","2020","2020","°C","1.798","E","Estimated value"
"ET","Temperature change on land","624","Guinea-Bissau","7271","Temperature change","7020","Meteorological year","2021","2021","°C","1.779","E","Estimated value"
"ET","Temperature change on land","624","Guinea-Bissau","7271","Temperature change","7020","Meteorological year","2022","2022","°C","1.481","E","Estimated value"
"ET","Temperature change on land","624","Guinea-Bissau","7271","Temperature change","7020","Meteorological year","2023","2023","°C","1.788","E","Estimated value"
"ET","Temperature change on land","624","Guinea-Bissau","7271","Temperature change","7020","Meteorological year","2024","2024","°C","1.927","E","Estimated value"
"ET","Temperature change on land","328","Guyana","7271","Temperature change","7020","Meteorological year","2018","2018","°C","1.272","E","Estimated value"
"ET","Temperature change on land","328","Guyana","7271","Temperature change","7020","Meteorological year","2019","2019","°C","1.286","E","Estimated value"
"ET","Temperature change on land","328","Guyana","7271","Temperature change","7020","Meteorological year","2020","2020","°C","1.574","E","Estimated value"
"ET","Temperature change on land","328","Guyana","7271","Temperature change","7020","Meteorological year","2021","2021","°C","1.127","E","Estimated value"
"ET","Temperature change on land","328","Guyana","7271","Temperature change","7020","Meteorological year","2022","2022","°C","1.173","E","Estimated value"
"ET","Temperature change on land","328","Guyana","7271","Temperature change","7020","Meteorological year","2023","2023","°C","1.963","E","Estimated value"
"ET","Temperature change on land","328","Guyana","7271","Temperature change","7020","Meteorological year","2024","2024","°C","2.635","E","Estimated value"
"ET","Temperature change on land","332","Haiti","7271","Temperature change","7020","Meteorological year","2018","2018","°C","1.166","E","Estimated value"
"ET","Temperature change on land","332","Haiti","7271","Temperature change","7020","Meteorological year","2019","2019","°C","1.435","E","Estimated value"
"ET","Temperature change on land","332","Haiti","7271","Temperature change","7020","Meteorological year","2020","2020","°C","1.466","E","Estimated value"
"ET","Temperature change on land","332","Haiti","7271","Temperature change","7020","Meteorological year","2021","2021","°C","0.957","E","Estimated value"
"ET","Temperature change on land","332","Haiti","7271","Temperature change","7020","Meteorological year","2022","2022","°C","0.973","E","Estimated value"
"ET","Temperature change on land","332","Haiti","7271","Temperature change","7020","Meteorological year","2023","2023","°C","1.482","E","Estimated value"
"ET","Temperature change on land","332","Haiti","7271","Temperature change","7020","Meteorological year","2024","2024","°C","1.514","E","Estimated value"
"ET","Temperature change on land","336","Holy See","7271","Temperature change","7020","Meteorological year","2018","2018","°C","1.797","E","Estimated value"
"ET","Temperature change on land","336","Holy See","7271","Temperature change","7020","Meteorological year","2019","2019","°C","1.427","E","Estimated value"
"ET","Temperature change on land","336","Holy See","7271","Temperature change","7020","Meteorological year","2020","2020","°C","1.524","E","Estimated value"
"ET","Temperature change on land","336","Holy See","7271","Temperature change","7020","Meteorological year","2021","2021","°C","1.327","E","Estimated value"
"ET","Temperature change on land","336","Holy See","7271","Temperature change","7020","Meteorological year","2022","2022","°C","1.805","E","Estimated value"
"ET","Temperature change on land","336","Holy See","7271","Temperature change","7020","Meteorological year","2023","2023","°C","1.966","E","Estimated value"
"ET","Temperature change on land","336","Holy See","7271","Temperature change","7020","Meteorological year","2024","2024","°C","2.488","E","Estimated value"
"ET","Temperature change on land","340","Honduras","7271","Temperature change","7020","Meteorological year","2018","2018","°C","0.642","E","Estimated value"
"ET","Temperature change on land","340","Honduras","7271","Temperature change","7020","Meteorological year","2019","2019","°C","1.117","E","Estimated value"
"ET","Temperature change on land","340","Honduras","7271","Temperature change","7020","Meteorological year","2020","2020","°C","1.541","E","Estimated value"
"ET","Temperature change on land","340","Honduras","7271","Temperature change","7020","Meteorological year","2021","2021","°C","0.981","E","Estimated value"
"ET","Temperature change on land","340","Honduras","7271","Temperature change","7020","Meteorological year","2022","2022","°C","0.709","E","Estimated value"
"ET","Temperature change on land","340","Honduras","7271","Temperature change","7020","Meteorological year","2023","2023","°C","1.453","E","Estimated value"
"ET","Temperature change on land","340","Honduras","7271","Temperature change","7020","Meteorological year","2024","2024","°C","1.637","E","Estimated value"
"ET","Temperature change on land","348","Hungary","7271","Temperature change","7020","Meteorological year","2018","2018","°C","2.527","E","Estimated value"
"ET","Temperature change on land","348","Hungary","7271","Temperature change","7020","Meteorological year","2019","2019","°C","2.348","E","Estimated value"
"ET","Temperature change on land","348","Hungary","7271","Temperature change","7020","Meteorological year","2020","2020","°C","1.983","E","Estimated value"
"ET","Temperature change on land","348","Hungary","7271","Temperature change","7020","Meteorological year","2021","2021","°C","1.429","E","Estimated value"
"ET","Temperature change on land","348","Hungary","7271","Temperature change","7020","Meteorological year","2022","2022","°C","2.142","E","Estimated value"
"ET","Temperature change on land","348","Hungary","7271","Temperature change","7020","Meteorological year","2023","2023","°C","2.575","E","Estimated value"
"ET","Temperature change on land","348","Hungary","7271","Temperature change","7020","Meteorological year","2024","2024","°C","3.346","E","Estimated value"
"ET","Temperature change on land","352","Iceland","7271","Temperature change","7020","Meteorological year","2018","2018","°C","0.746","E","Estimated value"
"ET","Temperature change on land","352","Iceland","7271","Temperature change","7020","Meteorological year","2019","2019","°C","1.266","E","Estimated value"
"ET","Temperature change on land","352","Iceland","7271","Temperature change","7020","Meteorological year","2020","2020","°C","0.711","E","Estimated value"
"ET","Temperature change on land","352","Iceland","7271","Temperature change","7020","Meteorological year","2021","2021","°C","0.897","E","Estimated value"
"ET","Temperature change on land","352","Iceland","7271","Temperature change","7020","Meteorological year","2022","2022","°C","1.244","E","Estimated value"
"ET","Temperature change on land","352","Iceland","7271","Temperature change","7020","Meteorological year","2023","2023","°C","0.597","E","Estimated value"
"ET","Temperature change on land","352","Iceland","7271","Temperature change","7020","Meteorological year","2024","2024","°C","0.117","E","Estimated value"
"ET","Temperature change on land","356","India","7271","Temperature change","7020","Meteorological year","2018","2018","°C","0.986","E","Estimated value"
"ET","Temperature change on land","356","India","7271","Temperature change","7020","Meteorological year","2019","2019","°C","0.903","E","Estimated value"
"ET","Temperature change on land","356","India","7271","Temperature change","7020","Meteorological year","2020","2020","°C","0.619","E","Estimated value"
"ET","Temperature change on land","356","India","7271","Temperature change","7020","Meteorological year","2021","2021","°C","0.838","E","Estimated value"
"ET","Temperature change on land","356","India","7271","Temperature change","7020","Meteorological year","2022","2022","°C","0.867","E","Estimated value"
"ET","Temperature change on land","356","India","7271","Temperature change","7020","Meteorological year","2023","2023","°C","0.948","E","Estimated value"
"ET","Temperature change on land","356","India","7271","Temperature change","7020","Meteorological year","2024","2024","°C","1.172","E","Estimated value"
"ET","Temperature change on land","360","Indonesia","7271","Temperature change","7020","Meteorological year","2018","2018","°C","0.87","E","Estimated value"
"ET","Temperature change on land","360","Indonesia","7271","Temperature change","7020","Meteorological year","2019","2019","°C","1.033","E","Estimated value"
"ET","Temperature change on land","360","Indonesia","7271","Temperature change","7020","Meteorological year","2020","2020","°C","1.225","E","Estimated value"
"ET","Temperature change on land","360","Indonesia","7271","Temperature change","7020","Meteorological year","2021","2021","°C","1.007","E","Estimated value"
"ET","Temperature change on land","360","Indonesia","7271","Temperature change","7020","Meteorological year","2022","2022","°C","0.97","E","Estimated value"
"ET","Temperature change on land","360","Indonesia","7271","Temperature change","7020","Meteorological year","2023","2023","°C","1.093","E","Estimated value"
"ET","Temperature change on land","360","Indonesia","7271","Temperature change","7020","Meteorological year","2024","2024","°C","1.419","E","Estimated value"
"ET","Temperature change on land","364","Iran (Islamic Republic of)","7271","Temperature change","7020","Meteorological year","2018","2018","°C","1.997","E","Estimated value"
"ET","Temperature change on land","364","Iran (Islamic Republic of)","7271","Temperature change","7020","Meteorological year","2019","2019","°C","1.512","E","Estimated value"
"ET","Temperature change on land","364","Iran (Islamic Republic of)","7271","Temperature change","7020","Meteorological year","2020","2020","°C","1.261","E","Estimated value"
"ET","Temperature change on land","364","Iran (Islamic Republic of)","7271","Temperature change","7020","Meteorological year","2021","2021","°C","2.075","E","Estimated value"
"ET","Temperature change on land","364","Iran (Islamic Republic of)","7271","Temperature change","7020","Meteorological year","2022","2022","°C","2.276","E","Estimated value"
"ET","Temperature change on land","364","Iran (Islamic Republic of)","7271","Temperature change","7020","Meteorological year","2023","2023","°C","2.148","E","Estimated value"
"ET","Temperature change on land","364","Iran (Islamic Republic of)","7271","Temperature change","7020","Meteorological year","2024","2024","°C","2.435","E","Estimated value"
"ET","Temperature change on land","368","Iraq","7271","Temperature change","7020","Meteorological year","2018","2018","°C","2.396","E","Estimated value"
"ET","Temperature change on land","368","Iraq","7271","Temperature change","7020","Meteorological year","2019","2019","°C","1.756","E","Estimated value"
"ET","Temperature change on land","368","Iraq","7271","Temperature change","7020","Meteorological year","2020","2020","°C","1.954","E","Estimated value"
"ET","Temperature change on land","368","Iraq","7271","Temperature change","7020","Meteorological year","2021","2021","°C","2.66","E","Estimated value"
"ET","Temperature change on land","368","Iraq","7271","Temperature change","7020","Meteorological year","2022","2022","°C","2.22","E","Estimated value"
"ET","Temperature change on land","368","Iraq","7271","Temperature change","7020","Meteorological year","2023","2023","°C","2.09","E","Estimated value"
"ET","Temperature change on land","368","Iraq","7271","Temperature change","7020","Meteorological year","2024","2024","°C","2.326","E","Estimated value"
"ET","Temperature change on land","372","Ireland","7271","Temperature change","7020","Meteorological year","2018","2018","°C","0.778","E","Estimated value"
"ET","Temperature change on land","372","Ireland","7271","Temperature change","7020","Meteorological year","2019","2019","°C","1.193","E","Estimated value"
"ET","Temperature change on land","372","Ireland","7271","Temperature change","7020","Meteorological year","2020","2020","°C","1.071","E","Estimated value"
"ET","Temperature change on land","372","Ireland","7271","Temperature change","7020","Meteorological year","2021","2021","°C","1.012","E","Estimated value"
"ET","Temperature change on land","372","Ireland","7271","Temperature change","7020","Meteorological year","2022","2022","°C","1.752","E","Estimated value"
"ET","Temperature change on land","372","Ireland","7271","Temperature change","7020","Meteorological year","2023","2023","°C","1.609","E","Estimated value"
"ET","Temperature change on land","372","Ireland","7271","Temperature change","7020","Meteorological year","2024","2024","°C","1.374","E","Estimated value"
"ET","Temperature change on land","833","Isle of Man","7271","Temperature change","7020","Meteorological year","2018","2018","°C","0.855","E","Estimated value"
"ET","Temperature change on land","833","Isle of Man","7271","Temperature change","7020","Meteorological year","2019","2019","°C","1.151","E","Estimated value"
"ET","Temperature change on land","833","Isle of Man","7271","Temperature change","7020","Meteorological year","2020","2020","°C","1.188","E","Estimated value"
"ET","Temperature change on land","833","Isle of Man","7271","Temperature change","7020","Meteorological year","2021","2021","°C","1.012","E","Estimated value"
"ET","Temperature change on land","833","Isle of Man","7271","Temperature change","7020","Meteorological year","2022","2022","°C","1.829","E","Estimated value"
"ET","Temperature change on land","833","Isle of Man","7271","Temperature change","7020","Meteorological year","2023","2023","°C","1.557","E","Estimated value"
"ET","Temperature change on land","833","Isle of Man","7271","Temperature change","7020","Meteorological year","2024","2024","°C","1.448","E","Estimated value"
"ET","Temperature change on land","376","Israel","7271","Temperature change","7020","Meteorological year","2018","2018","°C","2.061","E","Estimated value"
"ET","Temperature change on land","376","Israel","7271","Temperature change","7020","Meteorological year","2019","2019","°C","1.211","E","Estimated value"
"ET","Temperature change on land","376","Israel","7271","Temperature change","7020","Meteorological year","2020","2020","°C","1.437","E","Estimated value"
"ET","Temperature change on land","376","Israel","7271","Temperature change","7020","Meteorological year","2021","2021","°C","1.778","E","Estimated value"
"ET","Temperature change on land","376","Israel","7271","Temperature change","7020","Meteorological year","2022","2022","°C","1.018","E","Estimated value"
"ET","Temperature change on land","376","Israel","7271","Temperature change","7020","Meteorological year","2023","2023","°C","1.851","E","Estimated value"
"ET","Temperature change on land","376","Israel","7271","Temperature change","7020","Meteorological year","2024","2024","°C","2.22","E","Estimated value"
"ET","Temperature change on land","380","Italy","7271","Temperature change","7020","Meteorological year","2018","2018","°C","1.82","E","Estimated value"
"ET","Temperature change on land","380","Italy","7271","Temperature change","7020","Meteorological year","2019","2019","°C","1.637","E","Estimated value"
"ET","Temperature change on land","380","Italy","7271","Temperature change","7020","Meteorological year","2020","2020","°C","1.847","E","Estimated value"
"ET","Temperature change on land","380","Italy","7271","Temperature change","7020","Meteorological year","2021","2021","°C","1.532","E","Estimated value"
"ET","Temperature change on land","380","Italy","7271","Temperature change","7020","Meteorological year","2022","2022","°C","2.112","E","Estimated value"
"ET","Temperature change on land","380","Italy","7271","Temperature change","7020","Meteorological year","2023","2023","°C","2.244","E","Estimated value"
"ET","Temperature change on land","380","Italy","7271","Temperature change","7020","Meteorological year","2024","2024","°C","2.666","E","Estimated value"
"ET","Temperature change on land","388","Jamaica","7271","Temperature change","7020","Meteorological year","2018","2018","°C","1.23","E","Estimated value"
"ET","Temperature change on land","388","Jamaica","7271","Temperature change","7020","Meteorological year","2019","2019","°C","1.547","E","Estimated value"
"ET","Temperature change on land","388","Jamaica","7271","Temperature change","7020","Meteorological year","2020","2020","°C","1.645","E","Estimated value"
"ET","Temperature change on land","388","Jamaica","7271","Temperature change","7020","Meteorological year","2021","2021","°C","1.289","E","Estimated value"
"ET","Temperature change on land","388","Jamaica","7271","Temperature change","7020","Meteorological year","2022","2022","°C","1.162","E","Estimated value"
"ET","Temperature change on land","388","Jamaica","7271","Temperature change","7020","Meteorological year","2023","2023","°C","1.618","E","Estimated value"
"ET","Temperature change on land","388","Jamaica","7271","Temperature change","7020","Meteorological year","2024","2024","°C","1.715","E","Estimated value"
"ET","Temperature change on land","392","Japan","7271","Temperature change","7020","Meteorological year","2018","2018","°C","0.908","E","Estimated value"
"ET","Temperature change on land","392","Japan","7271","Temperature change","7020","Meteorological year","2019","2019","°C","1.254","E","Estimated value"
"ET","Temperature change on land","392","Japan","7271","Temperature change","7020","Meteorological year","2020","2020","°C","1.417","E","Estimated value"
"ET","Temperature change on land","392","Japan","7271","Temperature change","7020","Meteorological year","2021","2021","°C","1.247","E","Estimated value"
"ET","Temperature change on land","392","Japan","7271","Temperature change","7020","Meteorological year","2022","2022","°C","1.303","E","Estimated value"
"ET","Temperature change on land","392","Japan","7271","Temperature change","7020","Meteorological year","2023","2023","°C","1.838","E","Estimated value"
"ET","Temperature change on land","392","Japan","7271","Temperature change","7020","Meteorological year","2024","2024","°C","2.204","E","Estimated value"
"ET","Temperature change on land","832","Jersey","7271","Temperature change","7020","Meteorological year","2018","2018","°C","1.477","E","Estimated value"
"ET","Temperature change on land","832","Jersey","7271","Temperature change","7020","Meteorological year","2019","2019","°C","1.6","E","Estimated value"
"ET","Temperature change on land","832","Jersey","7271","Temperature change","7020","Meteorological year","2020","2020","°C","2.034","E","Estimated value"
"ET","Temperature change on land","832","Jersey","7271","Temperature change","7020","Meteorological year","2021","2021","°C","1.07","E","Estimated value"
"ET","Temperature change on land","832","Jersey","7271","Temperature change","7020","Meteorological year","2022","2022","°C","2.462","E","Estimated value"
"ET","Temperature change on land","832","Jersey","7271","Temperature change","7020","Meteorological year","2023","2023","°C","2.1","E","Estimated value"
"ET","Temperature change on land","832","Jersey","7271","Temperature change","7020","Meteorological year","2024","2024","°C","1.907","E","Estimated value"
"ET","Temperature change on land","400","Jordan","7271","Temperature change","7020","Meteorological year","2018","2018","°C","1.978","E","Estimated value"
"ET","Temperature change on land","400","Jordan","7271","Temperature change","7020","Meteorological year","2019","2019","°C","1.264","E","Estimated value"
"ET","Temperature change on land","400","Jordan","7271","Temperature change","7020","Meteorological year","2020","2020","°C","1.59","E","Estimated value"
"ET","Temperature change on land","400","Jordan","7271","Temperature change","7020","Meteorological year","2021","2021","°C","1.901","E","Estimated value"
"ET","Temperature change on land","400","Jordan","7271","Temperature change","7020","Meteorological year","2022","2022","°C","1.276","E","Estimated value"
"ET","Temperature change on land","400","Jordan","7271","Temperature change","7020","Meteorological year","2023","2023","°C","1.779","E","Estimated value"
"ET","Temperature change on land","400","Jordan","7271","Temperature change","7020","Meteorological year","2024","2024","°C","2.036","E","Estimated value"
"ET","Temperature change on land","398","Kazakhstan","7271","Temperature change","7020","Meteorological year","2018","2018","°C","0.631","E","Estimated value"
"ET","Temperature change on land","398","Kazakhstan","7271","Temperature change","7020","Meteorological year","2019","2019","°C","1.473","E","Estimated value"
"ET","Temperature change on land","398","Kazakhstan","7271","Temperature change","7020","Meteorological year","2020","2020","°C","2.832","E","Estimated value"
"ET","Temperature change on land","398","Kazakhstan","7271","Temperature change","7020","Meteorological year","2021","2021","°C","1.438","E","Estimated value"
"ET","Temperature change on land","398","Kazakhstan","7271","Temperature change","7020","Meteorological year","2022","2022","°C","2.696","E","Estimated value"
"ET","Temperature change on land","398","Kazakhstan","7271","Temperature change","7020","Meteorological year","2023","2023","°C","2.631","E","Estimated value"
"ET","Temperature change on land","398","Kazakhstan","7271","Temperature change","7020","Meteorological year","2024","2024","°C","2.112","E","Estimated value"
"ET","Temperature change on land","404","Kenya","7271","Temperature change","7020","Meteorological year","2018","2018","°C","0.505","E","Estimated value"
"ET","Temperature change on land","404","Kenya","7271","Temperature change","7020","Meteorological year","2019","2019","°C","1.467","E","Estimated value"
"ET","Temperature change on land","404","Kenya","7271","Temperature change","7020","Meteorological year","2020","2020","°C","1.17","E","Estimated value"
"ET","Temperature change on land","404","Kenya","7271","Temperature change","7020","Meteorological year","2021","2021","°C","1.232","E","Estimated value"
"ET","Temperature change on land","404","Kenya","7271","Temperature change","7020","Meteorological year","2022","2022","°C","1.233","E","Estimated value"
"ET","Temperature change on land","404","Kenya","7271","Temperature change","7020","Meteorological year","2023","2023","°C","1.413","E","Estimated value"
"ET","Temperature change on land","404","Kenya","7271","Temperature change","7020","Meteorological year","2024","2024","°C","1.736","E","Estimated value"
"ET","Temperature change on land","296","Kiribati","7271","Temperature change","7020","Meteorological year","2018","2018","°C","0.966","E","Estimated value"
"ET","Temperature change on land","296","Kiribati","7271","Temperature change","7020","Meteorological year","2019","2019","°C","0.968","E","Estimated value"
"ET","Temperature change on land","296","Kiribati","7271","Temperature change","7020","Meteorological year","2020","2020","°C","1.177","E","Estimated value"
"ET","Temperature change on land","296","Kiribati","7271","Temperature change","7020","Meteorological year","2021","2021","°C","0.791","E","Estimated value"
"ET","Temperature change on land","296","Kiribati","7271","Temperature change","7020","Meteorological year","2022","2022","°C","0.741","E","Estimated value"
"ET","Temperature change on land","296","Kiribati","7271","Temperature change","7020","Meteorological year","2023","2023","°C","1.254","E","Estimated value"
"ET","Temperature change on land","296","Kiribati","7271","Temperature change","7020","Meteorological year","2024","2024","°C","1.648","E","Estimated value"
"ET","Temperature change on land","414","Kuwait","7271","Temperature change","7020","Meteorological year","2018","2018","°C","2.395","E","Estimated value"
"ET","Temperature change on land","414","Kuwait","7271","Temperature change","7020","Meteorological year","2019","2019","°C","1.924","E","Estimated value"
"ET","Temperature change on land","414","Kuwait","7271","Temperature change","7020","Meteorological year","2020","2020","°C","2.028","E","Estimated value"
"ET","Temperature change on land","414","Kuwait","7271","Temperature change","7020","Meteorological year","2021","2021","°C","2.726","E","Estimated value"
"ET","Temperature change on land","414","Kuwait","7271","Temperature change","7020","Meteorological year","2022","2022","°C","2.32","E","Estimated value"
"ET","Temperature change on land","414","Kuwait","7271","Temperature change","7020","Meteorological year","2023","2023","°C","2.108","E","Estimated value"
"ET","Temperature change on land","414","Kuwait","7271","Temperature change","7020","Meteorological year","2024","2024","°C","2.501","E","Estimated value"
"ET","Temperature change on land","417","Kyrgyzstan","7271","Temperature change","7020","Meteorological year","2018","2018","°C","1.248","E","Estimated value"
"ET","Temperature change on land","417","Kyrgyzstan","7271","Temperature change","7020","Meteorological year","2019","2019","°C","1.666","E","Estimated value"
"ET","Temperature change on land","417","Kyrgyzstan","7271","Temperature change","7020","Meteorological year","2020","2020","°C","1.452","E","Estimated value"
"ET","Temperature change on land","417","Kyrgyzstan","7271","Temperature change","7020","Meteorological year","2021","2021","°C","1.4","E","Estimated value"
"ET","Temperature change on land","417","Kyrgyzstan","7271","Temperature change","7020","Meteorological year","2022","2022","°C","2.605","E","Estimated value"
"ET","Temperature change on land","417","Kyrgyzstan","7271","Temperature change","7020","Meteorological year","2023","2023","°C","2.087","E","Estimated value"
"ET","Temperature change on land","417","Kyrgyzstan","7271","Temperature change","7020","Meteorological year","2024","2024","°C","2.322","E","Estimated value"
"ET","Temperature change on land","418","Lao People's Democratic Republic","7271","Temperature change","7020","Meteorological year","2018","2018","°C","0.854","E","Estimated value"
"ET","Temperature change on land","418","Lao People's Democratic Republic","7271","Temperature change","7020","Meteorological year","2019","2019","°C","2.085","E","Estimated value"
"ET","Temperature change on land","418","Lao People's Democratic Republic","7271","Temperature change","7020","Meteorological year","2020","2020","°C","1.618","E","Estimated value"
"ET","Temperature change on land","418","Lao People's Democratic Republic","7271","Temperature change","7020","Meteorological year","2021","2021","°C","1.156","E","Estimated value"
"ET","Temperature change on land","418","Lao People's Democratic Republic","7271","Temperature change","7020","Meteorological year","2022","2022","°C","0.981","E","Estimated value"
"ET","Temperature change on land","418","Lao People's Democratic Republic","7271","Temperature change","7020","Meteorological year","2023","2023","°C","1.581","E","Estimated value"
"ET","Temperature change on land","418","Lao People's Democratic Republic","7271","Temperature change","7020","Meteorological year","2024","2024","°C","2.098","E","Estimated value"
"ET","Temperature change on land","428","Latvia","7271","Temperature change","7020","Meteorological year","2018","2018","°C","2.322","E","Estimated value"
"ET","Temperature change on land","428","Latvia","7271","Temperature change","7020","Meteorological year","2019","2019","°C","2.408","E","Estimated value"
"ET","Temperature change on land","428","Latvia","7271","Temperature change","7020","Meteorological year","2020","2020","°C","3.503","E","Estimated value"
"ET","Temperature change on land","428","Latvia","7271","Temperature change","7020","Meteorological year","2021","2021","°C","1.927","E","Estimated value"
"ET","Temperature change on land","428","Latvia","7271","Temperature change","7020","Meteorological year","2022","2022","°C","1.915","E","Estimated value"
"ET","Temperature change on land","428","Latvia","7271","Temperature change","7020","Meteorological year","2023","2023","°C","2.292","E","Estimated value"
"ET","Temperature change on land","428","Latvia","7271","Temperature change","7020","Meteorological year","2024","2024","°C","3.038","E","Estimated value"
"ET","Temperature change on land","422","Lebanon","7271","Temperature change","7020","Meteorological year","2018","2018","°C","2.141","E","Estimated value"
"ET","Temperature change on land","422","Lebanon","7271","Temperature change","7020","Meteorological year","2019","2019","°C","1.343","E","Estimated value"
"ET","Temperature change on land","422","Lebanon","7271","Temperature change","7020","Meteorological year","2020","2020","°C","1.548","E","Estimated value"
"ET","Temperature change on land","422","Lebanon","7271","Temperature change","7020","Meteorological year","2021","2021","°C","1.936","E","Estimated value"
"ET","Temperature change on land","422","Lebanon","7271","Temperature change","7020","Meteorological year","2022","2022","°C","1.141","E","Estimated value"
"ET","Temperature change on land","422","Lebanon","7271","Temperature change","7020","Meteorological year","2023","2023","°C","1.744","E","Estimated value"
"ET","Temperature change on land","422","Lebanon","7271","Temperature change","7020","Meteorological year","2024","2024","°C","2.19","E","Estimated value"
"ET","Temperature change on land","426","Lesotho","7271","Temperature change","7020","Meteorological year","2018","2018","°C","0.69","E","Estimated value"
"ET","Temperature change on land","426","Lesotho","7271","Temperature change","7020","Meteorological year","2019","2019","°C","1.609","E","Estimated value"
"ET","Temperature change on land","426","Lesotho","7271","Temperature change","7020","Meteorological year","2020","2020","°C","0.728","E","Estimated value"
"ET","Temperature change on land","426","Lesotho","7271","Temperature change","7020","Meteorological year","2021","2021","°C","0.78","E","Estimated value"
"ET","Temperature change on land","426","Lesotho","7271","Temperature change","7020","Meteorological year","2022","2022","°C","0.889","E","Estimated value"
"ET","Temperature change on land","426","Lesotho","7271","Temperature change","7020","Meteorological year","2023","2023","°C","0.888","E","Estimated value"
"ET","Temperature change on land","426","Lesotho","7271","Temperature change","7020","Meteorological year","2024","2024","°C","1.282","E","Estimated value"
"ET","Temperature change on land","430","Liberia","7271","Temperature change","7020","Meteorological year","2018","2018","°C","1.119","E","Estimated value"
"ET","Temperature change on land","430","Liberia","7271","Temperature change","7020","Meteorological year","2019","2019","°C","1.216","E","Estimated value"
"ET","Temperature change on land","430","Liberia","7271","Temperature change","7020","Meteorological year","2020","2020","°C","1.338","E","Estimated value"
"ET","Temperature change on land","430","Liberia","7271","Temperature change","7020","Meteorological year","2021","2021","°C","1.234","E","Estimated value"
"ET","Temperature change on land","430","Liberia","7271","Temperature change","7020","Meteorological year","2022","2022","°C","1.341","E","Estimated value"
"ET","Temperature change on land","430","Liberia","7271","Temperature change","7020","Meteorological year","2023","2023","°C","1.27","E","Estimated value"
"ET","Temperature change on land","430","Liberia","7271","Temperature change","7020","Meteorological year","2024","2024","°C","1.548","E","Estimated value"
"ET","Temperature change on land","434","Libya","7271","Temperature change","7020","Meteorological year","2018","2018","°C","1.682","E","Estimated value"
"ET","Temperature change on land","434","Libya","7271","Temperature change","7020","Meteorological year","2019","2019","°C","0.903","E","Estimated value"
"ET","Temperature change on land","434","Libya","7271","Temperature change","7020","Meteorological year","2020","2020","°C","1.154","E","Estimated value"
"ET","Temperature change on land","434","Libya","7271","Temperature change","7020","Meteorological year","2021","2021","°C","1.897","E","Estimated value"
"ET","Temperature change on land","434","Libya","7271","Temperature change","7020","Meteorological year","2022","2022","°C","0.556","E","Estimated value"
"ET","Temperature change on land","434","Libya","7271","Temperature change","7020","Meteorological year","2023","2023","°C","1.466","E","Estimated value"
"ET","Temperature change on land","434","Libya","7271","Temperature change","7020","Meteorological year","2024","2024","°C","2.444","E","Estimated value"
"ET","Temperature change on land","438","Liechtenstein","7271","Temperature change","7020","Meteorological year","2018","2018","°C","2.307","E","Estimated value"
"ET","Temperature change on land","438","Liechtenstein","7271","Temperature change","7020","Meteorological year","2019","2019","°C","2.112","E","Estimated value"
"ET","Temperature change on land","438","Liechtenstein","7271","Temperature change","7020","Meteorological year","2020","2020","°C","2.395","E","Estimated value"
"ET","Temperature change on land","438","Liechtenstein","7271","Temperature change","7020","Meteorological year","2021","2021","°C","1.274","E","Estimated value"
"ET","Temperature change on land","438","Liechtenstein","7271","Temperature change","7020","Meteorological year","2022","2022","°C","2.655","E","Estimated value"
"ET","Temperature change on land","438","Liechtenstein","7271","Temperature change","7020","Meteorological year","2023","2023","°C","2.684","E","Estimated value"
"ET","Temperature change on land","438","Liechtenstein","7271","Temperature change","7020","Meteorological year","2024","2024","°C","3.127","E","Estimated value"
"ET","Temperature change on land","440","Lithuania","7271","Temperature change","7020","Meteorological year","2018","2018","°C","2.389","E","Estimated value"
"ET","Temperature change on land","440","Lithuania","7271","Temperature change","7020","Meteorological year","2019","2019","°C","2.576","E","Estimated value"
"ET","Temperature change on land","440","Lithuania","7271","Temperature change","7020","Meteorological year","2020","2020","°C","3.38","E","Estimated value"
"ET","Temperature change on land","440","Lithuania","7271","Temperature change","7020","Meteorological year","2021","2021","°C","1.713","E","Estimated value"
"ET","Temperature change on land","440","Lithuania","7271","Temperature change","7020","Meteorological year","2022","2022","°C","1.893","E","Estimated value"
"ET","Temperature change on land","440","Lithuania","7271","Temperature change","7020","Meteorological year","2023","2023","°C","2.428","E","Estimated value"
"ET","Temperature change on land","440","Lithuania","7271","Temperature change","7020","Meteorological year","2024","2024","°C","3.257","E","Estimated value"
"ET","Temperature change on land","442","Luxembourg","7271","Temperature change","7020","Meteorological year","2018","2018","°C","2.46","E","Estimated value"
"ET","Temperature change on land","442","Luxembourg","7271","Temperature change","7020","Meteorological year","2019","2019","°C","2.146","E","Estimated value"
"ET","Temperature change on land","442","Luxembourg","7271","Temperature change","7020","Meteorological year","2020","2020","°C","2.619","E","Estimated value"
"ET","Temperature change on land","442","Luxembourg","7271","Temperature change","7020","Meteorological year","2021","2021","°C","1.161","E","Estimated value"
"ET","Temperature change on land","442","Luxembourg","7271","Temperature change","7020","Meteorological year","2022","2022","°C","2.917","E","Estimated value"
"ET","Temperature change on land","442","Luxembourg","7271","Temperature change","7020","Meteorological year","2023","2023","°C","2.597","E","Estimated value"
"ET","Temperature change on land","442","Luxembourg","7271","Temperature change","7020","Meteorological year","2024","2024","°C","2.766","E","Estimated value"
"ET","Temperature change on land","450","Madagascar","7271","Temperature change","7020","Meteorological year","2018","2018","°C","1.093","E","Estimated value"
"ET","Temperature change on land","450","Madagascar","7271","Temperature change","7020","Meteorological year","2019","2019","°C","1.505","E","Estimated value"
"ET","Temperature change on land","450","Madagascar","7271","Temperature change","7020","Meteorological year","2020","2020","°C","1.245","E","Estimated value"
"ET","Temperature change on land","450","Madagascar","7271","Temperature change","7020","Meteorological year","2021","2021","°C","1.231","E","Estimated value"
"ET","Temperature change on land","450","Madagascar","7271","Temperature change","7020","Meteorological year","2022","2022","°C","0.923","E","Estimated value"
"ET","Temperature change on land","450","Madagascar","7271","Temperature change","7020","Meteorological year","2023","2023","°C","1.385","E","Estimated value"
"ET","Temperature change on land","450","Madagascar","7271","Temperature change","7020","Meteorological year","2024","2024","°C","1.374","E","Estimated value"
"ET","Temperature change on land","454","Malawi","7271","Temperature change","7020","Meteorological year","2018","2018","°C","0.801","E","Estimated value"
"ET","Temperature change on land","454","Malawi","7271","Temperature change","7020","Meteorological year","2019","2019","°C","0.87","E","Estimated value"
"ET","Temperature change on land","454","Malawi","7271","Temperature change","7020","Meteorological year","2020","2020","°C","1.128","E","Estimated value"
"ET","Temperature change on land","454","Malawi","7271","Temperature change","7020","Meteorological year","2021","2021","°C","0.973","E","Estimated value"
"ET","Temperature change on land","454","Malawi","7271","Temperature change","7020","Meteorological year","2022","2022","°C","1.049","E","Estimated value"
"ET","Temperature change on land","454","Malawi","7271","Temperature change","7020","Meteorological year","2023","2023","°C","1.202","E","Estimated value"
"ET","Temperature change on land","454","Malawi","7271","Temperature change","7020","Meteorological year","2024","2024","°C","1.616","E","Estimated value"
"ET","Temperature change on land","458","Malaysia","7271","Temperature change","7020","Meteorological year","2018","2018","°C","1.078","E","Estimated value"
"ET","Temperature change on land","458","Malaysia","7271","Temperature change","7020","Meteorological year","2019","2019","°C","1.338","E","Estimated value"
"ET","Temperature change on land","458","Malaysia","7271","Temperature change","7020","Meteorological year","2020","2020","°C","1.337","E","Estimated value"
"ET","Temperature change on land","458","Malaysia","7271","Temperature change","7020","Meteorological year","2021","2021","°C","1.114","E","Estimated value"
"ET","Temperature change on land","458","Malaysia","7271","Temperature change","7020","Meteorological year","2022","2022","°C","1.053","E","Estimated value"
"ET","Temperature change on land","458","Malaysia","7271","Temperature change","7020","Meteorological year","2023","2023","°C","1.281","E","Estimated value"
"ET","Temperature change on land","458","Malaysia","7271","Temperature change","7020","Meteorological year","2024","2024","°C","1.65","E","Estimated value"
"ET","Temperature change on land","462","Maldives","7271","Temperature change","7020","Meteorological year","2018","2018","°C","0.545","E","Estimated value"
"ET","Temperature change on land","462","Maldives","7271","Temperature change","7020","Meteorological year","2019","2019","°C","0.859","E","Estimated value"
"ET","Temperature change on land","462","Maldives","7271","Temperature change","7020","Meteorological year","2020","2020","°C","0.844","E","Estimated value"
"ET","Temperature change on land","462","Maldives","7271","Temperature change","7020","Meteorological year","2021","2021","°C","0.781","E","Estimated value"
"ET","Temperature change on land","462","Maldives","7271","Temperature change","7020","Meteorological year","2022","2022","°C","0.485","E","Estimated value"
"ET","Temperature change on land","462","Maldives","7271","Temperature change","7020","Meteorological year","2023","2023","°C","0.723","E","Estimated value"
"ET","Temperature change on land","462","Maldives","7271","Temperature change","7020","Meteorological year","2024","2024","°C","1.031","E","Estimated value"
"ET","Temperature change on land","466","Mali","7271","Temperature change","7020","Meteorological year","2018","2018","°C","1.192","E","Estimated value"
"ET","Temperature change on land","466","Mali","7271","Temperature change","7020","Meteorological year","2019","2019","°C","1.254","E","Estimated value"
"ET","Temperature change on land","466","Mali","7271","Temperature change","7020","Meteorological year","2020","2020","°C","1.226","E","Estimated value"
"ET","Temperature change on land","466","Mali","7271","Temperature change","7020","Meteorological year","2021","2021","°C","1.9","E","Estimated value"
"ET","Temperature change on land","466","Mali","7271","Temperature change","7020","Meteorological year","2022","2022","°C","1.073","E","Estimated value"
"ET","Temperature change on land","466","Mali","7271","Temperature change","7020","Meteorological year","2023","2023","°C","1.723","E","Estimated value"
"ET","Temperature change on land","466","Mali","7271","Temperature change","7020","Meteorological year","2024","2024","°C","1.727","E","Estimated value"
"ET","Temperature change on land","470","Malta","7271","Temperature change","7020","Meteorological year","2018","2018","°C","1.521","E","Estimated value"
"ET","Temperature change on land","470","Malta","7271","Temperature change","7020","Meteorological year","2019","2019","°C","1.325","E","Estimated value"
"ET","Temperature change on land","470","Malta","7271","Temperature change","7020","Meteorological year","2020","2020","°C","1.631","E","Estimated value"
"ET","Temperature change on land","470","Malta","7271","Temperature change","7020","Meteorological year","2021","2021","°C","2.091","E","Estimated value"
"ET","Temperature change on land","470","Malta","7271","Temperature change","7020","Meteorological year","2022","2022","°C","1.9","E","Estimated value"
"ET","Temperature change on land","470","Malta","7271","Temperature change","7020","Meteorological year","2023","2023","°C","2.225","E","Estimated value"
"ET","Temperature change on land","470","Malta","7271","Temperature change","7020","Meteorological year","2024","2024","°C","2.727","E","Estimated value"
"ET","Temperature change on land","584","Marshall Islands","7271","Temperature change","7020","Meteorological year","2018","2018","°C","0.804","E","Estimated value"
"ET","Temperature change on land","584","Marshall Islands","7271","Temperature change","7020","Meteorological year","2019","2019","°C","1.012","E","Estimated value"
"ET","Temperature change on land","584","Marshall Islands","7271","Temperature change","7020","Meteorological year","2020","2020","°C","1.123","E","Estimated value"
"ET","Temperature change on land","584","Marshall Islands","7271","Temperature change","7020","Meteorological year","2021","2021","°C","0.834","E","Estimated value"
"ET","Temperature change on land","584","Marshall Islands","7271","Temperature change","7020","Meteorological year","2022","2022","°C","0.457","E","Estimated value"
"ET","Temperature change on land","584","Marshall Islands","7271","Temperature change","7020","Meteorological year","2023","2023","°C","0.744","E","Estimated value"
"ET","Temperature change on land","584","Marshall Islands","7271","Temperature change","7020","Meteorological year","2024","2024","°C","0.864","E","Estimated value"
"ET","Temperature change on land","474","Martinique","7271","Temperature change","7020","Meteorological year","2018","2018","°C","0.652","E","Estimated value"
"ET","Temperature change on land","474","Martinique","7271","Temperature change","7020","Meteorological year","2019","2019","°C","0.82","E","Estimated value"
"ET","Temperature change on land","474","Martinique","7271","Temperature change","7020","Meteorological year","2020","2020","°C","1.087","E","Estimated value"
"ET","Temperature change on land","474","Martinique","7271","Temperature change","7020","Meteorological year","2021","2021","°C","0.817","E","Estimated value"
"ET","Temperature change on land","474","Martinique","7271","Temperature change","7020","Meteorological year","2022","2022","°C","0.768","E","Estimated value"
"ET","Temperature change on land","474","Martinique","7271","Temperature change","7020","Meteorological year","2023","2023","°C","0.974","E","Estimated value"
"ET","Temperature change on land","474","Martinique","7271","Temperature change","7020","Meteorological year","2024","2024","°C","1.629","E","Estimated value"
"ET","Temperature change on land","478","Mauritania","7271","Temperature change","7020","Meteorological year","2018","2018","°C","1.115","E","Estimated value"
"ET","Temperature change on land","478","Mauritania","7271","Temperature change","7020","Meteorological year","2019","2019","°C","1.522","E","Estimated value"
"ET","Temperature change on land","478","Mauritania","7271","Temperature change","7020","Meteorological year","2020","2020","°C","1.971","E","Estimated value"
"ET","Temperature change on land","478","Mauritania","7271","Temperature change","7020","Meteorological year","2021","2021","°C","1.917","E","Estimated value"
"ET","Temperature change on land","478","Mauritania","7271","Temperature change","7020","Meteorological year","2022","2022","°C","1.786","E","Estimated value"
"ET","Temperature change on land","478","Mauritania","7271","Temperature change","7020","Meteorological year","2023","2023","°C","2.163","E","Estimated value"
"ET","Temperature change on land","478","Mauritania","7271","Temperature change","7020","Meteorological year","2024","2024","°C","2.252","E","Estimated value"
"ET","Temperature change on land","480","Mauritius","7271","Temperature change","7020","Meteorological year","2018","2018","°C","0.926","E","Estimated value"
"ET","Temperature change on land","480","Mauritius","7271","Temperature change","7020","Meteorological year","2019","2019","°C","1.355","E","Estimated value"
"ET","Temperature change on land","480","Mauritius","7271","Temperature change","7020","Meteorological year","2020","2020","°C","1.14","E","Estimated value"
"ET","Temperature change on land","480","Mauritius","7271","Temperature change","7020","Meteorological year","2021","2021","°C","1.02","E","Estimated value"
"ET","Temperature change on land","480","Mauritius","7271","Temperature change","7020","Meteorological year","2022","2022","°C","0.611","E","Estimated value"
"ET","Temperature change on land","480","Mauritius","7271","Temperature change","7020","Meteorological year","2023","2023","°C","1.523","E","Estimated value"
"ET","Temperature change on land","480","Mauritius","7271","Temperature change","7020","Meteorological year","2024","2024","°C","1.411","E","Estimated value"
"ET","Temperature change on land","175","Mayotte","7271","Temperature change","7020","Meteorological year","2018","2018","°C","0.902","E","Estimated value"
"ET","Temperature change on land","175","Mayotte","7271","Temperature change","7020","Meteorological year","2019","2019","°C","1.461","E","Estimated value"
"ET","Temperature change on land","175","Mayotte","7271","Temperature change","7020","Meteorological year","2020","2020","°C","1.212","E","Estimated value"
"ET","Temperature change on land","175","Mayotte","7271","Temperature change","7020","Meteorological year","2021","2021","°C","0.8","E","Estimated value"
"ET","Temperature change on land","175","Mayotte","7271","Temperature change","7020","Meteorological year","2022","2022","°C","0.647","E","Estimated value"
"ET","Temperature change on land","175","Mayotte","7271","Temperature change","7020","Meteorological year","2023","2023","°C","1.321","E","Estimated value"
"ET","Temperature change on land","175","Mayotte","7271","Temperature change","7020","Meteorological year","2024","2024","°C","1.662","E","Estimated value"
"ET","Temperature change on land","484","Mexico","7271","Temperature change","7020","Meteorological year","2018","2018","°C","1.125","E","Estimated value"
"ET","Temperature change on land","484","Mexico","7271","Temperature change","7020","Meteorological year","2019","2019","°C","1.264","E","Estimated value"
"ET","Temperature change on land","484","Mexico","7271","Temperature change","7020","Meteorological year","2020","2020","°C","1.615","E","Estimated value"
"ET","Temperature change on land","484","Mexico","7271","Temperature change","7020","Meteorological year","2021","2021","°C","1.054","E","Estimated value"
"ET","Temperature change on land","484","Mexico","7271","Temperature change","7020","Meteorological year","2022","2022","°C","1.159","E","Estimated value"
"ET","Temperature change on land","484","Mexico","7271","Temperature change","7020","Meteorological year","2023","2023","°C","1.728","E","Estimated value"
"ET","Temperature change on land","484","Mexico","7271","Temperature change","7020","Meteorological year","2024","2024","°C","1.791","E","Estimated value"
"ET","Temperature change on land","583","Micronesia (Federated States of)","7271","Temperature change","7020","Meteorological year","2018","2018","°C","1.272","E","Estimated value"
"ET","Temperature change on land","583","Micronesia (Federated States of)","7271","Temperature change","7020","Meteorological year","2019","2019","°C","1.373","E","Estimated value"
"ET","Temperature change on land","583","Micronesia (Federated States of)","7271","Temperature change","7020","Meteorological year","2020","2020","°C","1.45","E","Estimated value"
"ET","Temperature change on land","583","Micronesia (Federated States of)","7271","Temperature change","7020","Meteorological year","2021","2021","°C","1.181","E","Estimated value"
"ET","Temperature change on land","583","Micronesia (Federated States of)","7271","Temperature change","7020","Meteorological year","2022","2022","°C","1.15","E","Estimated value"
"ET","Temperature change on land","583","Micronesia (Federated States of)","7271","Temperature change","7020","Meteorological year","2023","2023","°C","1.275","E","Estimated value"
"ET","Temperature change on land","583","Micronesia (Federated States of)","7271","Temperature change","7020","Meteorological year","2024","2024","°C","1.532","E","Estimated value"
"ET","Temperature change on land","488","Midway Island","7271","Temperature change","7020","Meteorological year","2018","2018","°C","","O","Missing value"
"ET","Temperature change on land","488","Midway Island","7271","Temperature change","7020","Meteorological year","2019","2019","°C","","O","Missing value"
"ET","Temperature change on land","488","Midway Island","7271","Temperature change","7020","Meteorological year","2020","2020","°C","","O","Missing value"
"ET","Temperature change on land","488","Midway Island","7271","Temperature change","7020","Meteorological year","2021","2021","°C","","O","Missing value"
"ET","Temperature change on land","488","Midway Island","7271","Temperature change","7020","Meteorological year","2022","2022","°C","","O","Missing value"
"ET","Temperature change on land","488","Midway Island","7271","Temperature change","7020","Meteorological year","2023","2023","°C","","O","Missing value"
"ET","Temperature change on land","488","Midway Island","7271","Temperature change","7020","Meteorological year","2024","2024","°C","","O","Missing value"
"ET","Temperature change on land","492","Monaco","7271","Temperature change","7020","Meteorological year","2018","2018","°C","1.94","E","Estimated value"
"ET","Temperature change on land","492","Monaco","7271","Temperature change","7020","Meteorological year","2019","2019","°C","1.939","E","Estimated value"
"ET","Temperature change on land","492","Monaco","7271","Temperature change","7020","Meteorological year","2020","2020","°C","2.234","E","Estimated value"
"ET","Temperature change on land","492","Monaco","7271","Temperature change","7020","Meteorological year","2021","2021","°C","1.546","E","Estimated value"
"ET","Temperature change on land","492","Monaco","7271","Temperature change","7020","Meteorological year","2022","2022","°C","2.793","E","Estimated value"
"ET","Temperature change on land","492","Monaco","7271","Temperature change","7020","Meteorological year","2023","2023","°C","2.444","E","Estimated value"
"ET","Temperature change on land","492","Monaco","7271","Temperature change","7020","Meteorological year","2024","2024","°C","2.526","E","Estimated value"
"ET","Temperature change on land","496","Mongolia","7271","Temperature change","7020","Meteorological year","2018","2018","°C","2.234","E","Estimated value"
"ET","Temperature change on land","496","Mongolia","7271","Temperature change","7020","Meteorological year","2019","2019","°C","1.869","E","Estimated value"
"ET","Temperature change on land","496","Mongolia","7271","Temperature change","7020","Meteorological year","2020","2020","°C","2.394","E","Estimated value"
"ET","Temperature change on land","496","Mongolia","7271","Temperature change","7020","Meteorological year","2021","2021","°C","2.022","E","Estimated value"
"ET","Temperature change on land","496","Mongolia","7271","Temperature change","7020","Meteorological year","2022","2022","°C","2.226","E","Estimated value"
"ET","Temperature change on land","496","Mongolia","7271","Temperature change","7020","Meteorological year","2023","2023","°C","2.196","E","Estimated value"
"ET","Temperature change on land","496","Mongolia","7271","Temperature change","7020","Meteorological year","2024","2024","°C","2.587","E","Estimated value"
"ET","Temperature change on land","499","Montenegro","7271","Temperature change","7020","Meteorological year","2018","2018","°C","2.26","E","Estimated value"
"ET","Temperature change on land","499","Montenegro","7271","Temperature change","7020","Meteorological year","2019","2019","°C","1.842","E","Estimated value"
"ET","Temperature change on land","499","Montenegro","7271","Temperature change","7020","Meteorological year","2020","2020","°C","1.696","E","Estimated value"
"ET","Temperature change on land","499","Montenegro","7271","Temperature change","7020","Meteorological year","2021","2021","°C","1.605","E","Estimated value"
"ET","Temperature change on land","499","Montenegro","7271","Temperature change","7020","Meteorological year","2022","2022","°C","1.81","E","Estimated value"
"ET","Temperature change on land","499","Montenegro","7271","Temperature change","7020","Meteorological year","2023","2023","°C","2.352","E","Estimated value"
"ET","Temperature change on land","499","Montenegro","7271","Temperature change","7020","Meteorological year","2024","2024","°C","3.218","E","Estimated value"
"ET","Temperature change on land","500","Montserrat","7271","Temperature change","7020","Meteorological year","2018","2018","°C","0.556","E","Estimated value"
"ET","Temperature change on land","500","Montserrat","7271","Temperature change","7020","Meteorological year","2019","2019","°C","0.811","E","Estimated value"
"ET","Temperature change on land","500","Montserrat","7271","Temperature change","7020","Meteorological year","2020","2020","°C","1.131","E","Estimated value"
"ET","Temperature change on land","500","Montserrat","7271","Temperature change","7020","Meteorological year","2021","2021","°C","0.857","E","Estimated value"
"ET","Temperature change on land","500","Montserrat","7271","Temperature change","7020","Meteorological year","2022","2022","°C","0.758","E","Estimated value"
"ET","Temperature change on land","500","Montserrat","7271","Temperature change","7020","Meteorological year","2023","2023","°C","1.113","E","Estimated value"
"ET","Temperature change on land","500","Montserrat","7271","Temperature change","7020","Meteorological year","2024","2024","°C","1.54","E","Estimated value"
"ET","Temperature change on land","504","Morocco","7271","Temperature change","7020","Meteorological year","2018","2018","°C","0.541","E","Estimated value"
"ET","Temperature change on land","504","Morocco","7271","Temperature change","7020","Meteorological year","2019","2019","°C","1.462","E","Estimated value"
"ET","Temperature change on land","504","Morocco","7271","Temperature change","7020","Meteorological year","2020","2020","°C","2.083","E","Estimated value"
"ET","Temperature change on land","504","Morocco","7271","Temperature change","7020","Meteorological year","2021","2021","°C","1.771","E","Estimated value"
"ET","Temperature change on land","504","Morocco","7271","Temperature change","7020","Meteorological year","2022","2022","°C","2.247","E","Estimated value"
"ET","Temperature change on land","504","Morocco","7271","Temperature change","7020","Meteorological year","2023","2023","°C","2.524","E","Estimated value"
"ET","Temperature change on land","504","Morocco","7271","Temperature change","7020","Meteorological year","2024","2024","°C","2.644","E","Estimated value"
"ET","Temperature change on land","508","Mozambique","7271","Temperature change","7020","Meteorological year","2018","2018","°C","0.68","E","Estimated value"
"ET","Temperature change on land","508","Mozambique","7271","Temperature change","7020","Meteorological year","2019","2019","°C","1.069","E","Estimated value"
"ET","Temperature change on land","508","Mozambique","7271","Temperature change","7020","Meteorological year","2020","2020","°C","0.897","E","Estimated value"
"ET","Temperature change on land","508","Mozambique","7271","Temperature change","7020","Meteorological year","2021","2021","°C","0.724","E","Estimated value"
"ET","Temperature change on land","508","Mozambique","7271","Temperature change","7020","Meteorological year","2022","2022","°C","0.847","E","Estimated value"
"ET","Temperature change on land","508","Mozambique","7271","Temperature change","7020","Meteorological year","2023","2023","°C","1.069","E","Estimated value"
"ET","Temperature change on land","508","Mozambique","7271","Temperature change","7020","Meteorological year","2024","2024","°C","1.328","E","Estimated value"
"ET","Temperature change on land","104","Myanmar","7271","Temperature change","7020","Meteorological year","2018","2018","°C","1.12","E","Estimated value"
"ET","Temperature change on land","104","Myanmar","7271","Temperature change","7020","Meteorological year","2019","2019","°C","1.776","E","Estimated value"
"ET","Temperature change on land","104","Myanmar","7271","Temperature change","7020","Meteorological year","2020","2020","°C","1.589","E","Estimated value"
"ET","Temperature change on land","104","Myanmar","7271","Temperature change","7020","Meteorological year","2021","2021","°C","1.636","E","Estimated value"
"ET","Temperature change on land","104","Myanmar","7271","Temperature change","7020","Meteorological year","2022","2022","°C","1.38","E","Estimated value"
"ET","Temperature change on land","104","Myanmar","7271","Temperature change","7020","Meteorological year","2023","2023","°C","1.792","E","Estimated value"
"ET","Temperature change on land","104","Myanmar","7271","Temperature change","7020","Meteorological year","2024","2024","°C","2.016","E","Estimated value"
"ET","Temperature change on land","516","Namibia","7271","Temperature change","7020","Meteorological year","2018","2018","°C","1.006","E","Estimated value"
"ET","Temperature change on land","516","Namibia","7271","Temperature change","7020","Meteorological year","2019","2019","°C","2.071","E","Estimated value"
"ET","Temperature change on land","516","Namibia","7271","Temperature change","7020","Meteorological year","2020","2020","°C","0.558","E","Estimated value"
"ET","Temperature change on land","516","Namibia","7271","Temperature change","7020","Meteorological year","2021","2021","°C","0.015","E","Estimated value"
"ET","Temperature change on land","516","Namibia","7271","Temperature change","7020","Meteorological year","2022","2022","°C","0.085","E","Estimated value"
"ET","Temperature change on land","516","Namibia","7271","Temperature change","7020","Meteorological year","2023","2023","°C","0.806","E","Estimated value"
"ET","Temperature change on land","516","Namibia","7271","Temperature change","7020","Meteorological year","2024","2024","°C","1.386","E","Estimated value"
"ET","Temperature change on land","520","Nauru","7271","Temperature change","7020","Meteorological year","2018","2018","°C","","O","Missing value"
"ET","Temperature change on land","520","Nauru","7271","Temperature change","7020","Meteorological year","2019","2019","°C","","O","Missing value"
"ET","Temperature change on land","520","Nauru","7271","Temperature change","7020","Meteorological year","2020","2020","°C","","O","Missing value"
"ET","Temperature change on land","520","Nauru","7271","Temperature change","7020","Meteorological year","2021","2021","°C","","O","Missing value"
"ET","Temperature change on land","520","Nauru","7271","Temperature change","7020","Meteorological year","2022","2022","°C","","O","Missing value"
"ET","Temperature change on land","520","Nauru","7271","Temperature change","7020","Meteorological year","2023","2023","°C","","O","Missing value"
"ET","Temperature change on land","520","Nauru","7271","Temperature change","7020","Meteorological year","2024","2024","°C","","O","Missing value"
"ET","Temperature change on land","524","Nepal","7271","Temperature change","7020","Meteorological year","2018","2018","°C","0.785","E","Estimated value"
"ET","Temperature change on land","524","Nepal","7271","Temperature change","7020","Meteorological year","2019","2019","°C","0.815","E","Estimated value"
"ET","Temperature change on land","524","Nepal","7271","Temperature change","7020","Meteorological year","2020","2020","°C","0.295","E","Estimated value"
"ET","Temperature change on land","524","Nepal","7271","Temperature change","7020","Meteorological year","2021","2021","°C","0.655","E","Estimated value"
"ET","Temperature change on land","524","Nepal","7271","Temperature change","7020","Meteorological year","2022","2022","°C","0.964","E","Estimated value"
"ET","Temperature change on land","524","Nepal","7271","Temperature change","7020","Meteorological year","2023","2023","°C","1.171","E","Estimated value"
"ET","Temperature change on land","524","Nepal","7271","Temperature change","7020","Meteorological year","2024","2024","°C","1.303","E","Estimated value"
"ET","Temperature change on land","528","Netherlands (Kingdom of the)","7271","Temperature change","7020","Meteorological year","2018","2018","°C","2.128","E","Estimated value"
"ET","Temperature change on land","528","Netherlands (Kingdom of the)","7271","Temperature change","7020","Meteorological year","2019","2019","°C","2.129","E","Estimated value"
"ET","Temperature change on land","528","Netherlands (Kingdom of the)","7271","Temperature change","7020","Meteorological year","2020","2020","°C","2.461","E","Estimated value"
"ET","Temperature change on land","528","Netherlands (Kingdom of the)","7271","Temperature change","7020","Meteorological year","2021","2021","°C","1.3","E","Estimated value"
"ET","Temperature change on land","528","Netherlands (Kingdom of the)","7271","Temperature change","7020","Meteorological year","2022","2022","°C","2.579","E","Estimated value"
"ET","Temperature change on land","528","Netherlands (Kingdom of the)","7271","Temperature change","7020","Meteorological year","2023","2023","°C","2.329","E","Estimated value"
"ET","Temperature change on land","528","Netherlands (Kingdom of the)","7271","Temperature change","7020","Meteorological year","2024","2024","°C","2.721","E","Estimated value"
"ET","Temperature change on land","540","New Caledonia","7271","Temperature change","7020","Meteorological year","2018","2018","°C","1.184","E","Estimated value"
"ET","Temperature change on land","540","New Caledonia","7271","Temperature change","7020","Meteorological year","2019","2019","°C","1.094","E","Estimated value"
"ET","Temperature change on land","540","New Caledonia","7271","Temperature change","7020","Meteorological year","2020","2020","°C","1.172","E","Estimated value"
"ET","Temperature change on land","540","New Caledonia","7271","Temperature change","7020","Meteorological year","2021","2021","°C","0.946","E","Estimated value"
"ET","Temperature change on land","540","New Caledonia","7271","Temperature change","7020","Meteorological year","2022","2022","°C","1.676","E","Estimated value"
"ET","Temperature change on land","540","New Caledonia","7271","Temperature change","7020","Meteorological year","2023","2023","°C","0.613","E","Estimated value"
"ET","Temperature change on land","540","New Caledonia","7271","Temperature change","7020","Meteorological year","2024","2024","°C","1.306","E","Estimated value"
"ET","Temperature change on land","554","New Zealand","7271","Temperature change","7020","Meteorological year","2018","2018","°C","1.078","E","Estimated value"
"ET","Temperature change on land","554","New Zealand","7271","Temperature change","7020","Meteorological year","2019","2019","°C","1.026","E","Estimated value"
"ET","Temperature change on land","554","New Zealand","7271","Temperature change","7020","Meteorological year","2020","2020","°C","0.828","E","Estimated value"
"ET","Temperature change on land","554","New Zealand","7271","Temperature change","7020","Meteorological year","2021","2021","°C","0.899","E","Estimated value"
"ET","Temperature change on land","554","New Zealand","7271","Temperature change","7020","Meteorological year","2022","2022","°C","1.269","E","Estimated value"
"ET","Temperature change on land","554","New Zealand","7271","Temperature change","7020","Meteorological year","2023","2023","°C","1.065","E","Estimated value"
"ET","Temperature change on land","554","New Zealand","7271","Temperature change","7020","Meteorological year","2024","2024","°C","0.766","E","Estimated value"
"ET","Temperature change on land","558","Nicaragua","7271","Temperature change","7020","Meteorological year","2018","2018","°C","0.985","E","Estimated value"
"ET","Temperature change on land","558","Nicaragua","7271","Temperature change","7020","Meteorological year","2019","2019","°C","1.419","E","Estimated value"
"ET","Temperature change on land","558","Nicaragua","7271","Temperature change","7020","Meteorological year","2020","2020","°C","1.459","E","Estimated value"
"ET","Temperature change on land","558","Nicaragua","7271","Temperature change","7020","Meteorological year","2021","2021","°C","1.177","E","Estimated value"
"ET","Temperature change on land","558","Nicaragua","7271","Temperature change","7020","Meteorological year","2022","2022","°C","0.994","E","Estimated value"
"ET","Temperature change on land","558","Nicaragua","7271","Temperature change","7020","Meteorological year","2023","2023","°C","1.667","E","Estimated value"
"ET","Temperature change on land","558","Nicaragua","7271","Temperature change","7020","Meteorological year","2024","2024","°C","1.887","E","Estimated value"
"ET","Temperature change on land","562","Niger","7271","Temperature change","7020","Meteorological year","2018","2018","°C","1.081","E","Estimated value"
"ET","Temperature change on land","562","Niger","7271","Temperature change","7020","Meteorological year","2019","2019","°C","0.98","E","Estimated value"
"ET","Temperature change on land","562","Niger","7271","Temperature change","7020","Meteorological year","2020","2020","°C","0.809","E","Estimated value"
"ET","Temperature change on land","562","Niger","7271","Temperature change","7020","Meteorological year","2021","2021","°C","1.476","E","Estimated value"
"ET","Temperature change on land","562","Niger","7271","Temperature change","7020","Meteorological year","2022","2022","°C","0.449","E","Estimated value"
"ET","Temperature change on land","562","Niger","7271","Temperature change","7020","Meteorological year","2023","2023","°C","1.523","E","Estimated value"
"ET","Temperature change on land","562","Niger","7271","Temperature change","7020","Meteorological year","2024","2024","°C","1.165","E","Estimated value"
"ET","Temperature change on land","566","Nigeria","7271","Temperature change","7020","Meteorological year","2018","2018","°C","1.096","E","Estimated value"
"ET","Temperature change on land","566","Nigeria","7271","Temperature change","7020","Meteorological year","2019","2019","°C","1.236","E","Estimated value"
"ET","Temperature change on land","566","Nigeria","7271","Temperature change","7020","Meteorological year","2020","2020","°C","1.107","E","Estimated value"
"ET","Temperature change on land","566","Nigeria","7271","Temperature change","7020","Meteorological year","2021","2021","°C","1.62","E","Estimated value"
"ET","Temperature change on land","566","Nigeria","7271","Temperature change","7020","Meteorological year","2022","2022","°C","0.874","E","Estimated value"
"ET","Temperature change on land","566","Nigeria","7271","Temperature change","7020","Meteorological year","2023","2023","°C","1.485","E","Estimated value"
"ET","Temperature change on land","566","Nigeria","7271","Temperature change","7020","Meteorological year","2024","2024","°C","1.417","E","Estimated value"
"ET","Temperature change on land","570","Niue","7271","Temperature change","7020","Meteorological year","2018","2018","°C","","O","Missing value"
"ET","Temperature change on land","570","Niue","7271","Temperature change","7020","Meteorological year","2019","2019","°C","","O","Missing value"
"ET","Temperature change on land","570","Niue","7271","Temperature change","7020","Meteorological year","2020","2020","°C","","O","Missing value"
"ET","Temperature change on land","570","Niue","7271","Temperature change","7020","Meteorological year","2021","2021","°C","","O","Missing value"
"ET","Temperature change on land","570","Niue","7271","Temperature change","7020","Meteorological year","2022","2022","°C","","O","Missing value"
"ET","Temperature change on land","570","Niue","7271","Temperature change","7020","Meteorological year","2023","2023","°C","","O","Missing value"
"ET","Temperature change on land","570","Niue","7271","Temperature change","7020","Meteorological year","2024","2024","°C","","O","Missing value"
"ET","Temperature change on land","574","Norfolk Island","7271","Temperature change","7020","Meteorological year","2018","2018","°C","0.851","E","Estimated value"
"ET","Temperature change on land","574","Norfolk Island","7271","Temperature change","7020","Meteorological year","2019","2019","°C","0.817","E","Estimated value"
"ET","Temperature change on land","574","Norfolk Island","7271","Temperature change","7020","Meteorological year","2020","2020","°C","0.854","E","Estimated value"
"ET","Temperature change on land","574","Norfolk Island","7271","Temperature change","7020","Meteorological year","2021","2021","°C","0.763","E","Estimated value"
"ET","Temperature change on land","574","Norfolk Island","7271","Temperature change","7020","Meteorological year","2022","2022","°C","1.375","E","Estimated value"
"ET","Temperature change on land","574","Norfolk Island","7271","Temperature change","7020","Meteorological year","2023","2023","°C","0.384","E","Estimated value"
"ET","Temperature change on land","574","Norfolk Island","7271","Temperature change","7020","Meteorological year","2024","2024","°C","1.317","E","Estimated value"
"ET","Temperature change on land","807","North Macedonia","7271","Temperature change","7020","Meteorological year","2018","2018","°C","2.143","E","Estimated value"
"ET","Temperature change on land","807","North Macedonia","7271","Temperature change","7020","Meteorological year","2019","2019","°C","1.923","E","Estimated value"
"ET","Temperature change on land","807","North Macedonia","7271","Temperature change","7020","Meteorological year","2020","2020","°C","1.628","E","Estimated value"
"ET","Temperature change on land","807","North Macedonia","7271","Temperature change","7020","Meteorological year","2021","2021","°C","1.739","E","Estimated value"
"ET","Temperature change on land","807","North Macedonia","7271","Temperature change","7020","Meteorological year","2022","2022","°C","1.583","E","Estimated value"
"ET","Temperature change on land","807","North Macedonia","7271","Temperature change","7020","Meteorological year","2023","2023","°C","2.416","E","Estimated value"
"ET","Temperature change on land","807","North Macedonia","7271","Temperature change","7020","Meteorological year","2024","2024","°C","2.999","E","Estimated value"
"ET","Temperature change on land","578","Norway","7271","Temperature change","7020","Meteorological year","2018","2018","°C","1.505","E","Estimated value"
"ET","Temperature change on land","578","Norway","7271","Temperature change","7020","Meteorological year","2019","2019","°C","1.212","E","Estimated value"
"ET","Temperature change on land","578","Norway","7271","Temperature change","7020","Meteorological year","2020","2020","°C","2.393","E","Estimated value"
"ET","Temperature change on land","578","Norway","7271","Temperature change","7020","Meteorological year","2021","2021","°C","1.52","E","Estimated value"
"ET","Temperature change on land","578","Norway","7271","Temperature change","7020","Meteorological year","2022","2022","°C","1.923","E","Estimated value"
"ET","Temperature change on land","578","Norway","7271","Temperature change","7020","Meteorological year","2023","2023","°C","1.222","E","Estimated value"
"ET","Temperature change on land","578","Norway","7271","Temperature change","7020","Meteorological year","2024","2024","°C","1.933","E","Estimated value"
"ET","Temperature change on land","512","Oman","7271","Temperature change","7020","Meteorological year","2018","2018","°C","1.476","E","Estimated value"
"ET","Temperature change on land","512","Oman","7271","Temperature change","7020","Meteorological year","2019","2019","°C","1.211","E","Estimated value"
"ET","Temperature change on land","512","Oman","7271","Temperature change","7020","Meteorological year","2020","2020","°C","0.836","E","Estimated value"
"ET","Temperature change on land","512","Oman","7271","Temperature change","7020","Meteorological year","2021","2021","°C","1.598","E","Estimated value"
"ET","Temperature change on land","512","Oman","7271","Temperature change","7020","Meteorological year","2022","2022","°C","1.342","E","Estimated value"
"ET","Temperature change on land","512","Oman","7271","Temperature change","7020","Meteorological year","2023","2023","°C","1.482","E","Estimated value"
"ET","Temperature change on land","512","Oman","7271","Temperature change","7020","Meteorological year","2024","2024","°C","1.638","E","Estimated value"
"ET","Temperature change on land","586","Pakistan","7271","Temperature change","7020","Meteorological year","2018","2018","°C","1.431","E","Estimated value"
"ET","Temperature change on land","586","Pakistan","7271","Temperature change","7020","Meteorological year","2019","2019","°C","0.616","E","Estimated value"
"ET","Temperature change on land","586","Pakistan","7271","Temperature change","7020","Meteorological year","2020","2020","°C","0.441","E","Estimated value"
"ET","Temperature change on land","586","Pakistan","7271","Temperature change","7020","Meteorological year","2021","2021","°C","1.133","E","Estimated value"
"ET","Temperature change on land","586","Pakistan","7271","Temperature change","7020","Meteorological year","2022","2022","°C","1.39","E","Estimated value"
"ET","Temperature change on land","586","Pakistan","7271","Temperature change","7020","Meteorological year","2023","2023","°C","1.088","E","Estimated value"
"ET","Temperature change on land","586","Pakistan","7271","Temperature change","7020","Meteorological year","2024","2024","°C","1.526","E","Estimated value"
"ET","Temperature change on land","585","Palau","7271","Temperature change","7020","Meteorological year","2018","2018","°C","1.12","E","Estimated value"
"ET","Temperature change on land","585","Palau","7271","Temperature change","7020","Meteorological year","2019","2019","°C","","O","Missing value"
"ET","Temperature change on land","585","Palau","7271","Temperature change","7020","Meteorological year","2020","2020","°C","1.116","E","Estimated value"
"ET","Temperature change on land","585","Palau","7271","Temperature change","7020","Meteorological year","2021","2021","°C","0.912","E","Estimated value"
"ET","Temperature change on land","585","Palau","7271","Temperature change","7020","Meteorological year","2022","2022","°C","0.833","E","Estimated value"
"ET","Temperature change on land","585","Palau","7271","Temperature change","7020","Meteorological year","2023","2023","°C","0.752","E","Estimated value"
"ET","Temperature change on land","585","Palau","7271","Temperature change","7020","Meteorological year","2024","2024","°C","1.203","E","Estimated value"
"ET","Temperature change on land","275","Palestine","7271","Temperature change","7020","Meteorological year","2018","2018","°C","2.064","E","Estimated value"
"ET","Temperature change on land","275","Palestine","7271","Temperature change","7020","Meteorological year","2019","2019","°C","1.203","E","Estimated value"
"ET","Temperature change on land","275","Palestine","7271","Temperature change","7020","Meteorological year","2020","2020","°C","1.441","E","Estimated value"
"ET","Temperature change on land","275","Palestine","7271","Temperature change","7020","Meteorological year","2021","2021","°C","1.777","E","Estimated value"
"ET","Temperature change on land","275","Palestine","7271","Temperature change","7020","Meteorological year","2022","2022","°C","1.012","E","Estimated value"
"ET","Temperature change on land","275","Palestine","7271","Temperature change","7020","Meteorological year","2023","2023","°C","1.855","E","Estimated value"
"ET","Temperature change on land","275","Palestine","7271","Temperature change","7020","Meteorological year","2024","2024","°C","2.225","E","Estimated value"
"ET","Temperature change on land","591","Panama","7271","Temperature change","7020","Meteorological year","2018","2018","°C","1.29","E","Estimated value"
"ET","Temperature change on land","591","Panama","7271","Temperature change","7020","Meteorological year","2019","2019","°C","1.487","E","Estimated value"
"ET","Temperature change on land","591","Panama","7271","Temperature change","7020","Meteorological year","2020","2020","°C","1.565","E","Estimated value"
"ET","Temperature change on land","591","Panama","7271","Temperature change","7020","Meteorological year","2021","2021","°C","1.146","E","Estimated value"
"ET","Temperature change on land","591","Panama","7271","Temperature change","7020","Meteorological year","2022","2022","°C","0.944","E","Estimated value"
"ET","Temperature change on land","591","Panama","7271","Temperature change","7020","Meteorological year","2023","2023","°C","1.652","E","Estimated value"
"ET","Temperature change on land","591","Panama","7271","Temperature change","7020","Meteorological year","2024","2024","°C","1.98","E","Estimated value"
"ET","Temperature change on land","598","Papua New Guinea","7271","Temperature change","7020","Meteorological year","2018","2018","°C","0.428","E","Estimated value"
"ET","Temperature change on land","598","Papua New Guinea","7271","Temperature change","7020","Meteorological year","2019","2019","°C","0.445","E","Estimated value"
"ET","Temperature change on land","598","Papua New Guinea","7271","Temperature change","7020","Meteorological year","2020","2020","°C","0.818","E","Estimated value"
"ET","Temperature change on land","598","Papua New Guinea","7271","Temperature change","7020","Meteorological year","2021","2021","°C","0.947","E","Estimated value"
"ET","Temperature change on land","598","Papua New Guinea","7271","Temperature change","7020","Meteorological year","2022","2022","°C","0.979","E","Estimated value"
"ET","Temperature change on land","598","Papua New Guinea","7271","Temperature change","7020","Meteorological year","2023","2023","°C","0.529","E","Estimated value"
"ET","Temperature change on land","598","Papua New Guinea","7271","Temperature change","7020","Meteorological year","2024","2024","°C","1.045","E","Estimated value"
"ET","Temperature change on land","600","Paraguay","7271","Temperature change","7020","Meteorological year","2018","2018","°C","0.652","E","Estimated value"
"ET","Temperature change on land","600","Paraguay","7271","Temperature change","7020","Meteorological year","2019","2019","°C","1.43","E","Estimated value"
"ET","Temperature change on land","600","Paraguay","7271","Temperature change","7020","Meteorological year","2020","2020","°C","1.527","E","Estimated value"
"ET","Temperature change on land","600","Paraguay","7271","Temperature change","7020","Meteorological year","2021","2021","°C","0.862","E","Estimated value"
"ET","Temperature change on land","600","Paraguay","7271","Temperature change","7020","Meteorological year","2022","2022","°C","0.829","E","Estimated value"
"ET","Temperature change on land","600","Paraguay","7271","Temperature change","7020","Meteorological year","2023","2023","°C","1.934","E","Estimated value"
"ET","Temperature change on land","600","Paraguay","7271","Temperature change","7020","Meteorological year","2024","2024","°C","2.096","E","Estimated value"
"ET","Temperature change on land","604","Peru","7271","Temperature change","7020","Meteorological year","2018","2018","°C","0.799","E","Estimated value"
"ET","Temperature change on land","604","Peru","7271","Temperature change","7020","Meteorological year","2019","2019","°C","1.157","E","Estimated value"
"ET","Temperature change on land","604","Peru","7271","Temperature change","7020","Meteorological year","2020","2020","°C","1.542","E","Estimated value"
"ET","Temperature change on land","604","Peru","7271","Temperature change","7020","Meteorological year","2021","2021","°C","1.091","E","Estimated value"
"ET","Temperature change on land","604","Peru","7271","Temperature change","7020","Meteorological year","2022","2022","°C","0.512","E","Estimated value"
"ET","Temperature change on land","604","Peru","7271","Temperature change","7020","Meteorological year","2023","2023","°C","2.012","E","Estimated value"
"ET","Temperature change on land","604","Peru","7271","Temperature change","7020","Meteorological year","2024","2024","°C","1.915","E","Estimated value"
"ET","Temperature change on land","608","Philippines","7271","Temperature change","7020","Meteorological year","2018","2018","°C","1.03","E","Estimated value"
"ET","Temperature change on land","608","Philippines","7271","Temperature change","7020","Meteorological year","2019","2019","°C","1.118","E","Estimated value"
"ET","Temperature change on land","608","Philippines","7271","Temperature change","7020","Meteorological year","2020","2020","°C","1.289","E","Estimated value"
"ET","Temperature change on land","608","Philippines","7271","Temperature change","7020","Meteorological year","2021","2021","°C","1.141","E","Estimated value"
"ET","Temperature change on land","608","Philippines","7271","Temperature change","7020","Meteorological year","2022","2022","°C","1.107","E","Estimated value"
"ET","Temperature change on land","608","Philippines","7271","Temperature change","7020","Meteorological year","2023","2023","°C","1.307","E","Estimated value"
"ET","Temperature change on land","608","Philippines","7271","Temperature change","7020","Meteorological year","2024","2024","°C","1.443","E","Estimated value"
"ET","Temperature change on land","612","Pitcairn","7271","Temperature change","7020","Meteorological year","2018","2018","°C","","O","Missing value"
"ET","Temperature change on land","612","Pitcairn","7271","Temperature change","7020","Meteorological year","2019","2019","°C","","O","Missing value"
"ET","Temperature change on land","612","Pitcairn","7271","Temperature change","7020","Meteorological year","2020","2020","°C","","O","Missing value"
"ET","Temperature change on land","612","Pitcairn","7271","Temperature change","7020","Meteorological year","2021","2021","°C","","O","Missing value"
"ET","Temperature change on land","612","Pitcairn","7271","Temperature change","7020","Meteorological year","2022","2022","°C","","O","Missing value"
"ET","Temperature change on land","612","Pitcairn","7271","Temperature change","7020","Meteorological year","2023","2023","°C","","O","Missing value"
"ET","Temperature change on land","612","Pitcairn","7271","Temperature change","7020","Meteorological year","2024","2024","°C","","O","Missing value"
"ET","Temperature change on land","616","Poland","7271","Temperature change","7020","Meteorological year","2018","2018","°C","2.41","E","Estimated value"
"ET","Temperature change on land","616","Poland","7271","Temperature change","7020","Meteorological year","2019","2019","°C","2.622","E","Estimated value"
"ET","Temperature change on land","616","Poland","7271","Temperature change","7020","Meteorological year","2020","2020","°C","2.648","E","Estimated value"
"ET","Temperature change on land","616","Poland","7271","Temperature change","7020","Meteorological year","2021","2021","°C","1.429","E","Estimated value"
"ET","Temperature change on land","616","Poland","7271","Temperature change","7020","Meteorological year","2022","2022","°C","2.017","E","Estimated value"
"ET","Temperature change on land","616","Poland","7271","Temperature change","7020","Meteorological year","2023","2023","°C","2.456","E","Estimated value"
"ET","Temperature change on land","616","Poland","7271","Temperature change","7020","Meteorological year","2024","2024","°C","3.35","E","Estimated value"
"ET","Temperature change on land","620","Portugal","7271","Temperature change","7020","Meteorological year","2018","2018","°C","0.841","E","Estimated value"
"ET","Temperature change on land","620","Portugal","7271","Temperature change","7020","Meteorological year","2019","2019","°C","1.225","E","Estimated value"
"ET","Temperature change on land","620","Portugal","7271","Temperature change","7020","Meteorological year","2020","2020","°C","1.921","E","Estimated value"
"ET","Temperature change on land","620","Portugal","7271","Temperature change","7020","Meteorological year","2021","2021","°C","1.153","E","Estimated value"
"ET","Temperature change on land","620","Portugal","7271","Temperature change","7020","Meteorological year","2022","2022","°C","2.188","E","Estimated value"
"ET","Temperature change on land","620","Portugal","7271","Temperature change","7020","Meteorological year","2023","2023","°C","2.482","E","Estimated value"
"ET","Temperature change on land","620","Portugal","7271","Temperature change","7020","Meteorological year","2024","2024","°C","2.069","E","Estimated value"
"ET","Temperature change on land","630","Puerto Rico","7271","Temperature change","7020","Meteorological year","2018","2018","°C","0.648","E","Estimated value"
"ET","Temperature change on land","630","Puerto Rico","7271","Temperature change","7020","Meteorological year","2019","2019","°C","0.808","E","Estimated value"
"ET","Temperature change on land","630","Puerto Rico","7271","Temperature change","7020","Meteorological year","2020","2020","°C","1.241","E","Estimated value"
"ET","Temperature change on land","630","Puerto Rico","7271","Temperature change","7020","Meteorological year","2021","2021","°C","0.779","E","Estimated value"
"ET","Temperature change on land","630","Puerto Rico","7271","Temperature change","7020","Meteorological year","2022","2022","°C","0.765","E","Estimated value"
"ET","Temperature change on land","630","Puerto Rico","7271","Temperature change","7020","Meteorological year","2023","2023","°C","1.215","E","Estimated value"
"ET","Temperature change on land","630","Puerto Rico","7271","Temperature change","7020","Meteorological year","2024","2024","°C","1.557","E","Estimated value"
"ET","Temperature change on land","634","Qatar","7271","Temperature change","7020","Meteorological year","2018","2018","°C","2.016","E","Estimated value"
"ET","Temperature change on land","634","Qatar","7271","Temperature change","7020","Meteorological year","2019","2019","°C","1.844","E","Estimated value"
"ET","Temperature change on land","634","Qatar","7271","Temperature change","7020","Meteorological year","2020","2020","°C","1.759","E","Estimated value"
"ET","Temperature change on land","634","Qatar","7271","Temperature change","7020","Meteorological year","2021","2021","°C","2.179","E","Estimated value"
"ET","Temperature change on land","634","Qatar","7271","Temperature change","7020","Meteorological year","2022","2022","°C","1.887","E","Estimated value"
"ET","Temperature change on land","634","Qatar","7271","Temperature change","7020","Meteorological year","2023","2023","°C","2.106","E","Estimated value"
"ET","Temperature change on land","634","Qatar","7271","Temperature change","7020","Meteorological year","2024","2024","°C","2.281","E","Estimated value"
"ET","Temperature change on land","410","Republic of Korea","7271","Temperature change","7020","Meteorological year","2018","2018","°C","1.04","E","Estimated value"
"ET","Temperature change on land","410","Republic of Korea","7271","Temperature change","7020","Meteorological year","2019","2019","°C","1.604","E","Estimated value"
"ET","Temperature change on land","410","Republic of Korea","7271","Temperature change","7020","Meteorological year","2020","2020","°C","1.592","E","Estimated value"
"ET","Temperature change on land","410","Republic of Korea","7271","Temperature change","7020","Meteorological year","2021","2021","°C","1.793","E","Estimated value"
"ET","Temperature change on land","410","Republic of Korea","7271","Temperature change","7020","Meteorological year","2022","2022","°C","1.636","E","Estimated value"
"ET","Temperature change on land","410","Republic of Korea","7271","Temperature change","7020","Meteorological year","2023","2023","°C","1.744","E","Estimated value"
"ET","Temperature change on land","410","Republic of Korea","7271","Temperature change","7020","Meteorological year","2024","2024","°C","2.663","E","Estimated value"
"ET","Temperature change on land","498","Republic of Moldova","7271","Temperature change","7020","Meteorological year","2018","2018","°C","1.866","E","Estimated value"
"ET","Temperature change on land","498","Republic of Moldova","7271","Temperature change","7020","Meteorological year","2019","2019","°C","2.175","E","Estimated value"
"ET","Temperature change on land","498","Republic of Moldova","7271","Temperature change","7020","Meteorological year","2020","2020","°C","2.933","E","Estimated value"
"ET","Temperature change on land","498","Republic of Moldova","7271","Temperature change","7020","Meteorological year","2021","2021","°C","1.122","E","Estimated value"
"ET","Temperature change on land","498","Republic of Moldova","7271","Temperature change","7020","Meteorological year","2022","2022","°C","1.921","E","Estimated value"
"ET","Temperature change on land","498","Republic of Moldova","7271","Temperature change","7020","Meteorological year","2023","2023","°C","2.781","E","Estimated value"
"ET","Temperature change on land","498","Republic of Moldova","7271","Temperature change","7020","Meteorological year","2024","2024","°C","3.168","E","Estimated value"
"ET","Temperature change on land","638","Réunion","7271","Temperature change","7020","Meteorological year","2018","2018","°C","1.315","E","Estimated value"
"ET","Temperature change on land","638","Réunion","7271","Temperature change","7020","Meteorological year","2019","2019","°C","1.741","E","Estimated value"
"ET","Temperature change on land","638","Réunion","7271","Temperature change","7020","Meteorological year","2020","2020","°C","1.109","E","Estimated value"
"ET","Temperature change on land","638","Réunion","7271","Temperature change","7020","Meteorological year","2021","2021","°C","1.339","E","Estimated value"
"ET","Temperature change on land","638","Réunion","7271","Temperature change","7020","Meteorological year","2022","2022","°C","0.998","E","Estimated value"
"ET","Temperature change on land","638","Réunion","7271","Temperature change","7020","Meteorological year","2023","2023","°C","1.675","E","Estimated value"
"ET","Temperature change on land","638","Réunion","7271","Temperature change","7020","Meteorological year","2024","2024","°C","1.525","E","Estimated value"
"ET","Temperature change on land","642","Romania","7271","Temperature change","7020","Meteorological year","2018","2018","°C","2.226","E","Estimated value"
"ET","Temperature change on land","642","Romania","7271","Temperature change","7020","Meteorological year","2019","2019","°C","2.205","E","Estimated value"
"ET","Temperature change on land","642","Romania","7271","Temperature change","7020","Meteorological year","2020","2020","°C","2.208","E","Estimated value"
"ET","Temperature change on land","642","Romania","7271","Temperature change","7020","Meteorological year","2021","2021","°C","1.372","E","Estimated value"
"ET","Temperature change on land","642","Romania","7271","Temperature change","7020","Meteorological year","2022","2022","°C","1.892","E","Estimated value"
"ET","Temperature change on land","642","Romania","7271","Temperature change","7020","Meteorological year","2023","2023","°C","2.659","E","Estimated value"
"ET","Temperature change on land","642","Romania","7271","Temperature change","7020","Meteorological year","2024","2024","°C","3.253","E","Estimated value"
"ET","Temperature change on land","643","Russian Federation","7271","Temperature change","7020","Meteorological year","2018","2018","°C","2.037","E","Estimated value"
"ET","Temperature change on land","643","Russian Federation","7271","Temperature change","7020","Meteorological year","2019","2019","°C","2.184","E","Estimated value"
"ET","Temperature change on land","643","Russian Federation","7271","Temperature change","7020","Meteorological year","2020","2020","°C","3.697","E","Estimated value"
"ET","Temperature change on land","643","Russian Federation","7271","Temperature change","7020","Meteorological year","2021","2021","°C","1.63","E","Estimated value"
"ET","Temperature change on land","643","Russian Federation","7271","Temperature change","7020","Meteorological year","2022","2022","°C","2.269","E","Estimated value"
"ET","Temperature change on land","643","Russian Federation","7271","Temperature change","7020","Meteorological year","2023","2023","°C","2.505","E","Estimated value"
"ET","Temperature change on land","643","Russian Federation","7271","Temperature change","7020","Meteorological year","2024","2024","°C","2.313","E","Estimated value"
"ET","Temperature change on land","646","Rwanda","7271","Temperature change","7020","Meteorological year","2018","2018","°C","","O","Missing value"
"ET","Temperature change on land","646","Rwanda","7271","Temperature change","7020","Meteorological year","2019","2019","°C","","O","Missing value"
"ET","Temperature change on land","646","Rwanda","7271","Temperature change","7020","Meteorological year","2020","2020","°C","","O","Missing value"
"ET","Temperature change on land","646","Rwanda","7271","Temperature change","7020","Meteorological year","2021","2021","°C","","O","Missing value"
"ET","Temperature change on land","646","Rwanda","7271","Temperature change","7020","Meteorological year","2022","2022","°C","","O","Missing value"
"ET","Temperature change on land","646","Rwanda","7271","Temperature change","7020","Meteorological year","2023","2023","°C","","O","Missing value"
"ET","Temperature change on land","646","Rwanda","7271","Temperature change","7020","Meteorological year","2024","2024","°C","","O","Missing value"
"ET","Temperature change on land","659","Saint Kitts and Nevis","7271","Temperature change","7020","Meteorological year","2018","2018","°C","0.556","E","Estimated value"
"ET","Temperature change on land","659","Saint Kitts and Nevis","7271","Temperature change","7020","Meteorological year","2019","2019","°C","0.811","E","Estimated value"
"ET","Temperature change on land","659","Saint Kitts and Nevis","7271","Temperature change","7020","Meteorological year","2020","2020","°C","1.131","E","Estimated value"
"ET","Temperature change on land","659","Saint Kitts and Nevis","7271","Temperature change","7020","Meteorological year","2021","2021","°C","0.857","E","Estimated value"
"ET","Temperature change on land","659","Saint Kitts and Nevis","7271","Temperature change","7020","Meteorological year","2022","2022","°C","0.758","E","Estimated value"
"ET","Temperature change on land","659","Saint Kitts and Nevis","7271","Temperature change","7020","Meteorological year","2023","2023","°C","1.113","E","Estimated value"
"ET","Temperature change on land","659","Saint Kitts and Nevis","7271","Temperature change","7020","Meteorological year","2024","2024","°C","1.54","E","Estimated value"
"ET","Temperature change on land","662","Saint Lucia","7271","Temperature change","7020","Meteorological year","2018","2018","°C","0.776","E","Estimated value"
"ET","Temperature change on land","662","Saint Lucia","7271","Temperature change","7020","Meteorological year","2019","2019","°C","1.009","E","Estimated value"
"ET","Temperature change on land","662","Saint Lucia","7271","Temperature change","7020","Meteorological year","2020","2020","°C","1.226","E","Estimated value"
"ET","Temperature change on land","662","Saint Lucia","7271","Temperature change","7020","Meteorological year","2021","2021","°C","0.969","E","Estimated value"
"ET","Temperature change on land","662","Saint Lucia","7271","Temperature change","7020","Meteorological year","2022","2022","°C","0.894","E","Estimated value"
"ET","Temperature change on land","662","Saint Lucia","7271","Temperature change","7020","Meteorological year","2023","2023","°C","1.08","E","Estimated value"
"ET","Temperature change on land","662","Saint Lucia","7271","Temperature change","7020","Meteorological year","2024","2024","°C","1.838","E","Estimated value"
"ET","Temperature change on land","666","Saint Pierre and Miquelon","7271","Temperature change","7020","Meteorological year","2018","2018","°C","0.702","E","Estimated value"
"ET","Temperature change on land","666","Saint Pierre and Miquelon","7271","Temperature change","7020","Meteorological year","2019","2019","°C","0.074","E","Estimated value"
"ET","Temperature change on land","666","Saint Pierre and Miquelon","7271","Temperature change","7020","Meteorological year","2020","2020","°C","0.761","E","Estimated value"
"ET","Temperature change on land","666","Saint Pierre and Miquelon","7271","Temperature change","7020","Meteorological year","2021","2021","°C","2.298","E","Estimated value"
"ET","Temperature change on land","666","Saint Pierre and Miquelon","7271","Temperature change","7020","Meteorological year","2022","2022","°C","1.925","E","Estimated value"
"ET","Temperature change on land","666","Saint Pierre and Miquelon","7271","Temperature change","7020","Meteorological year","2023","2023","°C","1.508","E","Estimated value"
"ET","Temperature change on land","666","Saint Pierre and Miquelon","7271","Temperature change","7020","Meteorological year","2024","2024","°C","2.228","E","Estimated value"
"ET","Temperature change on land","670","Saint Vincent and the Grenadines","7271","Temperature change","7020","Meteorological year","2018","2018","°C","0.849","E","Estimated value"
"ET","Temperature change on land","670","Saint Vincent and the Grenadines","7271","Temperature change","7020","Meteorological year","2019","2019","°C","1.069","E","Estimated value"
"ET","Temperature change on land","670","Saint Vincent and the Grenadines","7271","Temperature change","7020","Meteorological year","2020","2020","°C","1.328","E","Estimated value"
"ET","Temperature change on land","670","Saint Vincent and the Grenadines","7271","Temperature change","7020","Meteorological year","2021","2021","°C","1.01","E","Estimated value"
"ET","Temperature change on land","670","Saint Vincent and the Grenadines","7271","Temperature change","7020","Meteorological year","2022","2022","°C","0.939","E","Estimated value"
"ET","Temperature change on land","670","Saint Vincent and the Grenadines","7271","Temperature change","7020","Meteorological year","2023","2023","°C","1.199","E","Estimated value"
"ET","Temperature change on land","670","Saint Vincent and the Grenadines","7271","Temperature change","7020","Meteorological year","2024","2024","°C","1.988","E","Estimated value"
"ET","Temperature change on land","882","Samoa","7271","Temperature change","7020","Meteorological year","2018","2018","°C","0.905","E","Estimated value"
"ET","Temperature change on land","882","Samoa","7271","Temperature change","7020","Meteorological year","2019","2019","°C","1.255","E","Estimated value"
"ET","Temperature change on land","882","Samoa","7271","Temperature change","7020","Meteorological year","2020","2020","°C","1.147","E","Estimated value"
"ET","Temperature change on land","882","Samoa","7271","Temperature change","7020","Meteorological year","2021","2021","°C","0.984","E","Estimated value"
"ET","Temperature change on land","882","Samoa","7271","Temperature change","7020","Meteorological year","2022","2022","°C","0.971","E","Estimated value"
"ET","Temperature change on land","882","Samoa","7271","Temperature change","7020","Meteorological year","2023","2023","°C","0.996","E","Estimated value"
"ET","Temperature change on land","882","Samoa","7271","Temperature change","7020","Meteorological year","2024","2024","°C","1.573","E","Estimated value"
"ET","Temperature change on land","674","San Marino","7271","Temperature change","7020","Meteorological year","2018","2018","°C","1.872","E","Estimated value"
"ET","Temperature change on land","674","San Marino","7271","Temperature change","7020","Meteorological year","2019","2019","°C","1.695","E","Estimated value"
"ET","Temperature change on land","674","San Marino","7271","Temperature change","7020","Meteorological year","2020","2020","°C","1.857","E","Estimated value"
"ET","Temperature change on land","674","San Marino","7271","Temperature change","7020","Meteorological year","2021","2021","°C","1.407","E","Estimated value"
"ET","Temperature change on land","674","San Marino","7271","Temperature change","7020","Meteorological year","2022","2022","°C","2.007","E","Estimated value"
"ET","Temperature change on land","674","San Marino","7271","Temperature change","7020","Meteorological year","2023","2023","°C","2.24","E","Estimated value"
"ET","Temperature change on land","674","San Marino","7271","Temperature change","7020","Meteorological year","2024","2024","°C","2.808","E","Estimated value"
"ET","Temperature change on land","678","Sao Tome and Principe","7271","Temperature change","7020","Meteorological year","2018","2018","°C","0.91","E","Estimated value"
"ET","Temperature change on land","678","Sao Tome and Principe","7271","Temperature change","7020","Meteorological year","2019","2019","°C","1.254","E","Estimated value"
"ET","Temperature change on land","678","Sao Tome and Principe","7271","Temperature change","7020","Meteorological year","2020","2020","°C","1.434","E","Estimated value"
"ET","Temperature change on land","678","Sao Tome and Principe","7271","Temperature change","7020","Meteorological year","2021","2021","°C","1.203","E","Estimated value"
"ET","Temperature change on land","678","Sao Tome and Principe","7271","Temperature change","7020","Meteorological year","2022","2022","°C","1.178","E","Estimated value"
"ET","Temperature change on land","678","Sao Tome and Principe","7271","Temperature change","7020","Meteorological year","2023","2023","°C","1.187","E","Estimated value"
"ET","Temperature change on land","678","Sao Tome and Principe","7271","Temperature change","7020","Meteorological year","2024","2024","°C","1.57","E","Estimated value"
"ET","Temperature change on land","682","Saudi Arabia","7271","Temperature change","7020","Meteorological year","2018","2018","°C","1.792","E","Estimated value"
"ET","Temperature change on land","682","Saudi Arabia","7271","Temperature change","7020","Meteorological year","2019","2019","°C","1.672","E","Estimated value"
"ET","Temperature change on land","682","Saudi Arabia","7271","Temperature change","7020","Meteorological year","2020","2020","°C","1.484","E","Estimated value"
"ET","Temperature change on land","682","Saudi Arabia","7271","Temperature change","7020","Meteorological year","2021","2021","°C","2.224","E","Estimated value"
"ET","Temperature change on land","682","Saudi Arabia","7271","Temperature change","7020","Meteorological year","2022","2022","°C","1.804","E","Estimated value"
"ET","Temperature change on land","682","Saudi Arabia","7271","Temperature change","7020","Meteorological year","2023","2023","°C","1.844","E","Estimated value"
"ET","Temperature change on land","682","Saudi Arabia","7271","Temperature change","7020","Meteorological year","2024","2024","°C","2.238","E","Estimated value"
"ET","Temperature change on land","686","Senegal","7271","Temperature change","7020","Meteorological year","2018","2018","°C","1.029","E","Estimated value"
"ET","Temperature change on land","686","Senegal","7271","Temperature change","7020","Meteorological year","2019","2019","°C","1.486","E","Estimated value"
"ET","Temperature change on land","686","Senegal","7271","Temperature change","7020","Meteorological year","2020","2020","°C","1.777","E","Estimated value"
"ET","Temperature change on land","686","Senegal","7271","Temperature change","7020","Meteorological year","2021","2021","°C","1.892","E","Estimated value"
"ET","Temperature change on land","686","Senegal","7271","Temperature change","7020","Meteorological year","2022","2022","°C","1.54","E","Estimated value"
"ET","Temperature change on land","686","Senegal","7271","Temperature change","7020","Meteorological year","2023","2023","°C","2.052","E","Estimated value"
"ET","Temperature change on land","686","Senegal","7271","Temperature change","7020","Meteorological year","2024","2024","°C","1.926","E","Estimated value"
"ET","Temperature change on land","688","Serbia","7271","Temperature change","7020","Meteorological year","2018","2018","°C","2.353","E","Estimated value"
"ET","Temperature change on land","688","Serbia","7271","Temperature change","7020","Meteorological year","2019","2019","°C","2.117","E","Estimated value"
"ET","Temperature change on land","688","Serbia","7271","Temperature change","7020","Meteorological year","2020","2020","°C","1.847","E","Estimated value"
"ET","Temperature change on land","688","Serbia","7271","Temperature change","7020","Meteorological year","2021","2021","°C","1.628","E","Estimated value"
"ET","Temperature change on land","688","Serbia","7271","Temperature change","7020","Meteorological year","2022","2022","°C","1.977","E","Estimated value"
"ET","Temperature change on land","688","Serbia","7271","Temperature change","7020","Meteorological year","2023","2023","°C","2.606","E","Estimated value"
"ET","Temperature change on land","688","Serbia","7271","Temperature change","7020","Meteorological year","2024","2024","°C","3.402","E","Estimated value"
"ET","Temperature change on land","690","Seychelles","7271","Temperature change","7020","Meteorological year","2018","2018","°C","0.738","E","Estimated value"
"ET","Temperature change on land","690","Seychelles","7271","Temperature change","7020","Meteorological year","2019","2019","°C","1.199","E","Estimated value"
"ET","Temperature change on land","690","Seychelles","7271","Temperature change","7020","Meteorological year","2020","2020","°C","1.256","E","Estimated value"
"ET","Temperature change on land","690","Seychelles","7271","Temperature change","7020","Meteorological year","2021","2021","°C","0.707","E","Estimated value"
"ET","Temperature change on land","690","Seychelles","7271","Temperature change","7020","Meteorological year","2022","2022","°C","0.547","E","Estimated value"
"ET","Temperature change on land","690","Seychelles","7271","Temperature change","7020","Meteorological year","2023","2023","°C","0.984","E","Estimated value"
"ET","Temperature change on land","690","Seychelles","7271","Temperature change","7020","Meteorological year","2024","2024","°C","1.585","E","Estimated value"
"ET","Temperature change on land","694","Sierra Leone","7271","Temperature change","7020","Meteorological year","2018","2018","°C","0.951","E","Estimated value"
"ET","Temperature change on land","694","Sierra Leone","7271","Temperature change","7020","Meteorological year","2019","2019","°C","1.4","E","Estimated value"
"ET","Temperature change on land","694","Sierra Leone","7271","Temperature change","7020","Meteorological year","2020","2020","°C","1.579","E","Estimated value"
"ET","Temperature change on land","694","Sierra Leone","7271","Temperature change","7020","Meteorological year","2021","2021","°C","1.589","E","Estimated value"
"ET","Temperature change on land","694","Sierra Leone","7271","Temperature change","7020","Meteorological year","2022","2022","°C","1.482","E","Estimated value"
"ET","Temperature change on land","694","Sierra Leone","7271","Temperature change","7020","Meteorological year","2023","2023","°C","1.343","E","Estimated value"
"ET","Temperature change on land","694","Sierra Leone","7271","Temperature change","7020","Meteorological year","2024","2024","°C","1.616","E","Estimated value"
"ET","Temperature change on land","702","Singapore","7271","Temperature change","7020","Meteorological year","2018","2018","°C","","O","Missing value"
"ET","Temperature change on land","702","Singapore","7271","Temperature change","7020","Meteorological year","2019","2019","°C","","O","Missing value"
"ET","Temperature change on land","702","Singapore","7271","Temperature change","7020","Meteorological year","2020","2020","°C","","O","Missing value"
"ET","Temperature change on land","702","Singapore","7271","Temperature change","7020","Meteorological year","2021","2021","°C","","O","Missing value"
"ET","Temperature change on land","702","Singapore","7271","Temperature change","7020","Meteorological year","2022","2022","°C","","O","Missing value"
"ET","Temperature change on land","702","Singapore","7271","Temperature change","7020","Meteorological year","2023","2023","°C","","O","Missing value"
"ET","Temperature change on land","702","Singapore","7271","Temperature change","7020","Meteorological year","2024","2024","°C","","O","Missing value"
"ET","Temperature change on land","703","Slovakia","7271","Temperature change","7020","Meteorological year","2018","2018","°C","2.54","E","Estimated value"
"ET","Temperature change on land","703","Slovakia","7271","Temperature change","7020","Meteorological year","2019","2019","°C","2.412","E","Estimated value"
"ET","Temperature change on land","703","Slovakia","7271","Temperature change","7020","Meteorological year","2020","2020","°C","2.038","E","Estimated value"
"ET","Temperature change on land","703","Slovakia","7271","Temperature change","7020","Meteorological year","2021","2021","°C","1.288","E","Estimated value"
"ET","Temperature change on land","703","Slovakia","7271","Temperature change","7020","Meteorological year","2022","2022","°C","2.028","E","Estimated value"
"ET","Temperature change on land","703","Slovakia","7271","Temperature change","7020","Meteorological year","2023","2023","°C","2.468","E","Estimated value"
"ET","Temperature change on land","703","Slovakia","7271","Temperature change","7020","Meteorological year","2024","2024","°C","3.358","E","Estimated value"
"ET","Temperature change on land","705","Slovenia","7271","Temperature change","7020","Meteorological year","2018","2018","°C","2.399","E","Estimated value"
"ET","Temperature change on land","705","Slovenia","7271","Temperature change","7020","Meteorological year","2019","2019","°C","2.314","E","Estimated value"
"ET","Temperature change on land","705","Slovenia","7271","Temperature change","7020","Meteorological year","2020","2020","°C","2.204","E","Estimated value"
"ET","Temperature change on land","705","Slovenia","7271","Temperature change","7020","Meteorological year","2021","2021","°C","1.513","E","Estimated value"
"ET","Temperature change on land","705","Slovenia","7271","Temperature change","7020","Meteorological year","2022","2022","°C","2.495","E","Estimated value"
"ET","Temperature change on land","705","Slovenia","7271","Temperature change","7020","Meteorological year","2023","2023","°C","2.568","E","Estimated value"
"ET","Temperature change on land","705","Slovenia","7271","Temperature change","7020","Meteorological year","2024","2024","°C","3.225","E","Estimated value"
"ET","Temperature change on land","090","Solomon Islands","7271","Temperature change","7020","Meteorological year","2018","2018","°C","0.392","E","Estimated value"
"ET","Temperature change on land","090","Solomon Islands","7271","Temperature change","7020","Meteorological year","2019","2019","°C","0.652","E","Estimated value"
"ET","Temperature change on land","090","Solomon Islands","7271","Temperature change","7020","Meteorological year","2020","2020","°C","0.624","E","Estimated value"
"ET","Temperature change on land","090","Solomon Islands","7271","Temperature change","7020","Meteorological year","2021","2021","°C","0.302","E","Estimated value"
"ET","Temperature change on land","090","Solomon Islands","7271","Temperature change","7020","Meteorological year","2022","2022","°C","0.467","E","Estimated value"
"ET","Temperature change on land","090","Solomon Islands","7271","Temperature change","7020","Meteorological year","2023","2023","°C","0.436","E","Estimated value"
"ET","Temperature change on land","090","Solomon Islands","7271","Temperature change","7020","Meteorological year","2024","2024","°C","0.636","E","Estimated value"
"ET","Temperature change on land","706","Somalia","7271","Temperature change","7020","Meteorological year","2018","2018","°C","0.189","E","Estimated value"
"ET","Temperature change on land","706","Somalia","7271","Temperature change","7020","Meteorological year","2019","2019","°C","1.032","E","Estimated value"
"ET","Temperature change on land","706","Somalia","7271","Temperature change","7020","Meteorological year","2020","2020","°C","1.232","E","Estimated value"
"ET","Temperature change on land","706","Somalia","7271","Temperature change","7020","Meteorological year","2021","2021","°C","1.096","E","Estimated value"
"ET","Temperature change on land","706","Somalia","7271","Temperature change","7020","Meteorological year","2022","2022","°C","1.149","E","Estimated value"
"ET","Temperature change on land","706","Somalia","7271","Temperature change","7020","Meteorological year","2023","2023","°C","0.831","E","Estimated value"
"ET","Temperature change on land","706","Somalia","7271","Temperature change","7020","Meteorological year","2024","2024","°C","2.137","E","Estimated value"
"ET","Temperature change on land","710","South Africa","7271","Temperature change","7020","Meteorological year","2018","2018","°C","1.071","E","Estimated value"
"ET","Temperature change on land","710","South Africa","7271","Temperature change","7020","Meteorological year","2019","2019","°C","1.978","E","Estimated value"
"ET","Temperature change on land","710","South Africa","7271","Temperature change","7020","Meteorological year","2020","2020","°C","0.985","E","Estimated value"
"ET","Temperature change on land","710","South Africa","7271","Temperature change","7020","Meteorological year","2021","2021","°C","0.867","E","Estimated value"
"ET","Temperature change on land","710","South Africa","7271","Temperature change","7020","Meteorological year","2022","2022","°C","1.014","E","Estimated value"
"ET","Temperature change on land","710","South Africa","7271","Temperature change","7020","Meteorological year","2023","2023","°C","1.053","E","Estimated value"
"ET","Temperature change on land","710","South Africa","7271","Temperature change","7020","Meteorological year","2024","2024","°C","1.553","E","Estimated value"
"ET","Temperature change on land","239","South Georgia and the South Sandwich Islands","7271","Temperature change","7020","Meteorological year","2018","2018","°C","0.814","E","Estimated value"
"ET","Temperature change on land","239","South Georgia and the South Sandwich Islands","7271","Temperature change","7020","Meteorological year","2019","2019","°C","0.193","E","Estimated value"
"ET","Temperature change on land","239","South Georgia and the South Sandwich Islands","7271","Temperature change","7020","Meteorological year","2020","2020","°C","0.039","E","Estimated value"
"ET","Temperature change on land","239","South Georgia and the South Sandwich Islands","7271","Temperature change","7020","Meteorological year","2021","2021","°C","1.139","E","Estimated value"
"ET","Temperature change on land","239","South Georgia and the South Sandwich Islands","7271","Temperature change","7020","Meteorological year","2022","2022","°C","0.725","E","Estimated value"
"ET","Temperature change on land","239","South Georgia and the South Sandwich Islands","7271","Temperature change","7020","Meteorological year","2023","2023","°C","0.814","E","Estimated value"
"ET","Temperature change on land","239","South Georgia and the South Sandwich Islands","7271","Temperature change","7020","Meteorological year","2024","2024","°C","0.005","E","Estimated value"
"ET","Temperature change on land","728","South Sudan","7271","Temperature change","7020","Meteorological year","2018","2018","°C","1.259","E","Estimated value"
"ET","Temperature change on land","728","South Sudan","7271","Temperature change","7020","Meteorological year","2019","2019","°C","1.081","E","Estimated value"
"ET","Temperature change on land","728","South Sudan","7271","Temperature change","7020","Meteorological year","2020","2020","°C","0.606","E","Estimated value"
"ET","Temperature change on land","728","South Sudan","7271","Temperature change","7020","Meteorological year","2021","2021","°C","1.081","E","Estimated value"
"ET","Temperature change on land","728","South Sudan","7271","Temperature change","7020","Meteorological year","2022","2022","°C","0.881","E","Estimated value"
"ET","Temperature change on land","728","South Sudan","7271","Temperature change","7020","Meteorological year","2023","2023","°C","1.433","E","Estimated value"
"ET","Temperature change on land","728","South Sudan","7271","Temperature change","7020","Meteorological year","2024","2024","°C","1.975","E","Estimated value"
"ET","Temperature change on land","724","Spain","7271","Temperature change","7020","Meteorological year","2018","2018","°C","1.109","E","Estimated value"
"ET","Temperature change on land","724","Spain","7271","Temperature change","7020","Meteorological year","2019","2019","°C","1.48","E","Estimated value"
"ET","Temperature change on land","724","Spain","7271","Temperature change","7020","Meteorological year","2020","2020","°C","2.018","E","Estimated value"
"ET","Temperature change on land","724","Spain","7271","Temperature change","7020","Meteorological year","2021","2021","°C","1.356","E","Estimated value"
"ET","Temperature change on land","724","Spain","7271","Temperature change","7020","Meteorological year","2022","2022","°C","2.401","E","Estimated value"
"ET","Temperature change on land","724","Spain","7271","Temperature change","7020","Meteorological year","2023","2023","°C","2.565","E","Estimated value"
"ET","Temperature change on land","724","Spain","7271","Temperature change","7020","Meteorological year","2024","2024","°C","2.283","E","Estimated value"
"ET","Temperature change on land","144","Sri Lanka","7271","Temperature change","7020","Meteorological year","2018","2018","°C","0.616","E","Estimated value"
"ET","Temperature change on land","144","Sri Lanka","7271","Temperature change","7020","Meteorological year","2019","2019","°C","1.028","E","Estimated value"
"ET","Temperature change on land","144","Sri Lanka","7271","Temperature change","7020","Meteorological year","2020","2020","°C","1.06","E","Estimated value"
"ET","Temperature change on land","144","Sri Lanka","7271","Temperature change","7020","Meteorological year","2021","2021","°C","0.805","E","Estimated value"
"ET","Temperature change on land","144","Sri Lanka","7271","Temperature change","7020","Meteorological year","2022","2022","°C","0.744","E","Estimated value"
"ET","Temperature change on land","144","Sri Lanka","7271","Temperature change","7020","Meteorological year","2023","2023","°C","0.892","E","Estimated value"
"ET","Temperature change on land","144","Sri Lanka","7271","Temperature change","7020","Meteorological year","2024","2024","°C","1.478","E","Estimated value"
"ET","Temperature change on land","729","Sudan","7271","Temperature change","7020","Meteorological year","2018","2018","°C","1.39","E","Estimated value"
"ET","Temperature change on land","729","Sudan","7271","Temperature change","7020","Meteorological year","2019","2019","°C","1.05","E","Estimated value"
"ET","Temperature change on land","729","Sudan","7271","Temperature change","7020","Meteorological year","2020","2020","°C","0.709","E","Estimated value"
"ET","Temperature change on land","729","Sudan","7271","Temperature change","7020","Meteorological year","2021","2021","°C","1.438","E","Estimated value"
"ET","Temperature change on land","729","Sudan","7271","Temperature change","7020","Meteorological year","2022","2022","°C","1.008","E","Estimated value"
"ET","Temperature change on land","729","Sudan","7271","Temperature change","7020","Meteorological year","2023","2023","°C","1.439","E","Estimated value"
"ET","Temperature change on land","729","Sudan","7271","Temperature change","7020","Meteorological year","2024","2024","°C","1.319","E","Estimated value"
"ET","Temperature change on land","740","Suriname","7271","Temperature change","7020","Meteorological year","2018","2018","°C","1.598","E","Estimated value"
"ET","Temperature change on land","740","Suriname","7271","Temperature change","7020","Meteorological year","2019","2019","°C","1.869","E","Estimated value"
"ET","Temperature change on land","740","Suriname","7271","Temperature change","7020","Meteorological year","2020","2020","°C","2.01","E","Estimated value"
"ET","Temperature change on land","740","Suriname","7271","Temperature change","7020","Meteorological year","2021","2021","°C","1.619","E","Estimated value"
"ET","Temperature change on land","740","Suriname","7271","Temperature change","7020","Meteorological year","2022","2022","°C","1.606","E","Estimated value"
"ET","Temperature change on land","740","Suriname","7271","Temperature change","7020","Meteorological year","2023","2023","°C","2.11","E","Estimated value"
"ET","Temperature change on land","740","Suriname","7271","Temperature change","7020","Meteorological year","2024","2024","°C","2.802","E","Estimated value"
"ET","Temperature change on land","744","Svalbard and Jan Mayen Islands","7271","Temperature change","7020","Meteorological year","2018","2018","°C","4.063","E","Estimated value"
"ET","Temperature change on land","744","Svalbard and Jan Mayen Islands","7271","Temperature change","7020","Meteorological year","2019","2019","°C","2.87","E","Estimated value"
"ET","Temperature change on land","744","Svalbard and Jan Mayen Islands","7271","Temperature change","7020","Meteorological year","2020","2020","°C","2","E","Estimated value"
"ET","Temperature change on land","744","Svalbard and Jan Mayen Islands","7271","Temperature change","7020","Meteorological year","2021","2021","°C","3.01","E","Estimated value"
"ET","Temperature change on land","744","Svalbard and Jan Mayen Islands","7271","Temperature change","7020","Meteorological year","2022","2022","°C","3.509","E","Estimated value"
"ET","Temperature change on land","744","Svalbard and Jan Mayen Islands","7271","Temperature change","7020","Meteorological year","2023","2023","°C","3.576","E","Estimated value"
"ET","Temperature change on land","744","Svalbard and Jan Mayen Islands","7271","Temperature change","7020","Meteorological year","2024","2024","°C","3.689","E","Estimated value"
"ET","Temperature change on land","752","Sweden","7271","Temperature change","7020","Meteorological year","2018","2018","°C","1.853","E","Estimated value"
"ET","Temperature change on land","752","Sweden","7271","Temperature change","7020","Meteorological year","2019","2019","°C","1.571","E","Estimated value"
"ET","Temperature change on land","752","Sweden","7271","Temperature change","7020","Meteorological year","2020","2020","°C","2.949","E","Estimated value"
"ET","Temperature change on land","752","Sweden","7271","Temperature change","7020","Meteorological year","2021","2021","°C","1.853","E","Estimated value"
"ET","Temperature change on land","752","Sweden","7271","Temperature change","7020","Meteorological year","2022","2022","°C","2.133","E","Estimated value"
"ET","Temperature change on land","752","Sweden","7271","Temperature change","7020","Meteorological year","2023","2023","°C","1.475","E","Estimated value"
"ET","Temperature change on land","752","Sweden","7271","Temperature change","7020","Meteorological year","2024","2024","°C","2.027","E","Estimated value"
"ET","Temperature change on land","756","Switzerland","7271","Temperature change","7020","Meteorological year","2018","2018","°C","2.355","E","Estimated value"
"ET","Temperature change on land","756","Switzerland","7271","Temperature change","7020","Meteorological year","2019","2019","°C","2.109","E","Estimated value"
"ET","Temperature change on land","756","Switzerland","7271","Temperature change","7020","Meteorological year","2020","2020","°C","2.519","E","Estimated value"
"ET","Temperature change on land","756","Switzerland","7271","Temperature change","7020","Meteorological year","2021","2021","°C","1.201","E","Estimated value"
"ET","Temperature change on land","756","Switzerland","7271","Temperature change","7020","Meteorological year","2022","2022","°C","2.882","E","Estimated value"
"ET","Temperature change on land","756","Switzerland","7271","Temperature change","7020","Meteorological year","2023","2023","°C","2.796","E","Estimated value"
"ET","Temperature change on land","756","Switzerland","7271","Temperature change","7020","Meteorological year","2024","2024","°C","2.867","E","Estimated value"
"ET","Temperature change on land","760","Syrian Arab Republic","7271","Temperature change","7020","Meteorological year","2018","2018","°C","2.343","E","Estimated value"
"ET","Temperature change on land","760","Syrian Arab Republic","7271","Temperature change","7020","Meteorological year","2019","2019","°C","1.505","E","Estimated value"
"ET","Temperature change on land","760","Syrian Arab Republic","7271","Temperature change","7020","Meteorological year","2020","2020","°C","1.815","E","Estimated value"
"ET","Temperature change on land","760","Syrian Arab Republic","7271","Temperature change","7020","Meteorological year","2021","2021","°C","2.175","E","Estimated value"
"ET","Temperature change on land","760","Syrian Arab Republic","7271","Temperature change","7020","Meteorological year","2022","2022","°C","1.448","E","Estimated value"
"ET","Temperature change on land","760","Syrian Arab Republic","7271","Temperature change","7020","Meteorological year","2023","2023","°C","1.852","E","Estimated value"
"ET","Temperature change on land","760","Syrian Arab Republic","7271","Temperature change","7020","Meteorological year","2024","2024","°C","2.289","E","Estimated value"
"ET","Temperature change on land","762","Tajikistan","7271","Temperature change","7020","Meteorological year","2018","2018","°C","1.688","E","Estimated value"
"ET","Temperature change on land","762","Tajikistan","7271","Temperature change","7020","Meteorological year","2019","2019","°C","1.414","E","Estimated value"
"ET","Temperature change on land","762","Tajikistan","7271","Temperature change","7020","Meteorological year","2020","2020","°C","1.139","E","Estimated value"
"ET","Temperature change on land","762","Tajikistan","7271","Temperature change","7020","Meteorological year","2021","2021","°C","1.09","E","Estimated value"
"ET","Temperature change on land","762","Tajikistan","7271","Temperature change","7020","Meteorological year","2022","2022","°C","2.22","E","Estimated value"
"ET","Temperature change on land","762","Tajikistan","7271","Temperature change","7020","Meteorological year","2023","2023","°C","1.887","E","Estimated value"
"ET","Temperature change on land","762","Tajikistan","7271","Temperature change","7020","Meteorological year","2024","2024","°C","2.138","E","Estimated value"
"ET","Temperature change on land","764","Thailand","7271","Temperature change","7020","Meteorological year","2018","2018","°C","0.883","E","Estimated value"
"ET","Temperature change on land","764","Thailand","7271","Temperature change","7020","Meteorological year","2019","2019","°C","1.782","E","Estimated value"
"ET","Temperature change on land","764","Thailand","7271","Temperature change","7020","Meteorological year","2020","2020","°C","1.543","E","Estimated value"
"ET","Temperature change on land","764","Thailand","7271","Temperature change","7020","Meteorological year","2021","2021","°C","1.053","E","Estimated value"
"ET","Temperature change on land","764","Thailand","7271","Temperature change","7020","Meteorological year","2022","2022","°C","0.943","E","Estimated value"
"ET","Temperature change on land","764","Thailand","7271","Temperature change","7020","Meteorological year","2023","2023","°C","1.471","E","Estimated value"
"ET","Temperature change on land","764","Thailand","7271","Temperature change","7020","Meteorological year","2024","2024","°C","2.054","E","Estimated value"
"ET","Temperature change on land","626","Timor-Leste","7271","Temperature change","7020","Meteorological year","2018","2018","°C","0.921","E","Estimated value"
"ET","Temperature change on land","626","Timor-Leste","7271","Temperature change","7020","Meteorological year","2019","2019","°C","1.022","E","Estimated value"
"ET","Temperature change on land","626","Timor-Leste","7271","Temperature change","7020","Meteorological year","2020","2020","°C","1.857","E","Estimated value"
"ET","Temperature change on land","626","Timor-Leste","7271","Temperature change","7020","Meteorological year","2021","2021","°C","1.268","E","Estimated value"
"ET","Temperature change on land","626","Timor-Leste","7271","Temperature change","7020","Meteorological year","2022","2022","°C","1.122","E","Estimated value"
"ET","Temperature change on land","626","Timor-Leste","7271","Temperature change","7020","Meteorological year","2023","2023","°C","0.796","E","Estimated value"
"ET","Temperature change on land","626","Timor-Leste","7271","Temperature change","7020","Meteorological year","2024","2024","°C","1.603","E","Estimated value"
"ET","Temperature change on land","768","Togo","7271","Temperature change","7020","Meteorological year","2018","2018","°C","1.101","E","Estimated value"
"ET","Temperature change on land","768","Togo","7271","Temperature change","7020","Meteorological year","2019","2019","°C","1.242","E","Estimated value"
"ET","Temperature change on land","768","Togo","7271","Temperature change","7020","Meteorological year","2020","2020","°C","1.137","E","Estimated value"
"ET","Temperature change on land","768","Togo","7271","Temperature change","7020","Meteorological year","2021","2021","°C","1.534","E","Estimated value"
"ET","Temperature change on land","768","Togo","7271","Temperature change","7020","Meteorological year","2022","2022","°C","0.951","E","Estimated value"
"ET","Temperature change on land","768","Togo","7271","Temperature change","7020","Meteorological year","2023","2023","°C","1.359","E","Estimated value"
"ET","Temperature change on land","768","Togo","7271","Temperature change","7020","Meteorological year","2024","2024","°C","1.624","E","Estimated value"
"ET","Temperature change on land","772","Tokelau","7271","Temperature change","7020","Meteorological year","2018","2018","°C","","O","Missing value"
"ET","Temperature change on land","772","Tokelau","7271","Temperature change","7020","Meteorological year","2019","2019","°C","","O","Missing value"
"ET","Temperature change on land","772","Tokelau","7271","Temperature change","7020","Meteorological year","2020","2020","°C","","O","Missing value"
"ET","Temperature change on land","772","Tokelau","7271","Temperature change","7020","Meteorological year","2021","2021","°C","","O","Missing value"
"ET","Temperature change on land","772","Tokelau","7271","Temperature change","7020","Meteorological year","2022","2022","°C","","O","Missing value"
"ET","Temperature change on land","772","Tokelau","7271","Temperature change","7020","Meteorological year","2023","2023","°C","","O","Missing value"
"ET","Temperature change on land","772","Tokelau","7271","Temperature change","7020","Meteorological year","2024","2024","°C","","O","Missing value"
"ET","Temperature change on land","776","Tonga","7271","Temperature change","7020","Meteorological year","2018","2018","°C","0.827","E","Estimated value"
"ET","Temperature change on land","776","Tonga","7271","Temperature change","7020","Meteorological year","2019","2019","°C","1.396","E","Estimated value"
"ET","Temperature change on land","776","Tonga","7271","Temperature change","7020","Meteorological year","2020","2020","°C","1.206","E","Estimated value"
"ET","Temperature change on land","776","Tonga","7271","Temperature change","7020","Meteorological year","2021","2021","°C","0.985","E","Estimated value"
"ET","Temperature change on land","776","Tonga","7271","Temperature change","7020","Meteorological year","2022","2022","°C","0.666","E","Estimated value"
"ET","Temperature change on land","776","Tonga","7271","Temperature change","7020","Meteorological year","2023","2023","°C","1.003","E","Estimated value"
"ET","Temperature change on land","776","Tonga","7271","Temperature change","7020","Meteorological year","2024","2024","°C","1.378","E","Estimated value"
"ET","Temperature change on land","780","Trinidad and Tobago","7271","Temperature change","7020","Meteorological year","2018","2018","°C","1.121","E","Estimated value"
"ET","Temperature change on land","780","Trinidad and Tobago","7271","Temperature change","7020","Meteorological year","2019","2019","°C","1.631","E","Estimated value"
"ET","Temperature change on land","780","Trinidad and Tobago","7271","Temperature change","7020","Meteorological year","2020","2020","°C","1.823","E","Estimated value"
"ET","Temperature change on land","780","Trinidad and Tobago","7271","Temperature change","7020","Meteorological year","2021","2021","°C","1.369","E","Estimated value"
"ET","Temperature change on land","780","Trinidad and Tobago","7271","Temperature change","7020","Meteorological year","2022","2022","°C","1.099","E","Estimated value"
"ET","Temperature change on land","780","Trinidad and Tobago","7271","Temperature change","7020","Meteorological year","2023","2023","°C","1.724","E","Estimated value"
"ET","Temperature change on land","780","Trinidad and Tobago","7271","Temperature change","7020","Meteorological year","2024","2024","°C","2.397","E","Estimated value"
"ET","Temperature change on land","788","Tunisia","7271","Temperature change","7020","Meteorological year","2018","2018","°C","1.362","E","Estimated value"
"ET","Temperature change on land","788","Tunisia","7271","Temperature change","7020","Meteorological year","2019","2019","°C","1.172","E","Estimated value"
"ET","Temperature change on land","788","Tunisia","7271","Temperature change","7020","Meteorological year","2020","2020","°C","1.831","E","Estimated value"
"ET","Temperature change on land","788","Tunisia","7271","Temperature change","7020","Meteorological year","2021","2021","°C","2.372","E","Estimated value"
"ET","Temperature change on land","788","Tunisia","7271","Temperature change","7020","Meteorological year","2022","2022","°C","1.971","E","Estimated value"
"ET","Temperature change on land","788","Tunisia","7271","Temperature change","7020","Meteorological year","2023","2023","°C","2.255","E","Estimated value"
"ET","Temperature change on land","788","Tunisia","7271","Temperature change","7020","Meteorological year","2024","2024","°C","2.69","E","Estimated value"
"ET","Temperature change on land","792","Türkiye","7271","Temperature change","7020","Meteorological year","2018","2018","°C","2.617","E","Estimated value"
"ET","Temperature change on land","792","Türkiye","7271","Temperature change","7020","Meteorological year","2019","2019","°C","1.656","E","Estimated value"
"ET","Temperature change on land","792","Türkiye","7271","Temperature change","7020","Meteorological year","2020","2020","°C","1.821","E","Estimated value"
"ET","Temperature change on land","792","Türkiye","7271","Temperature change","7020","Meteorological year","2021","2021","°C","1.866","E","Estimated value"
"ET","Temperature change on land","792","Türkiye","7271","Temperature change","7020","Meteorological year","2022","2022","°C","1.253","E","Estimated value"
"ET","Temperature change on land","792","Türkiye","7271","Temperature change","7020","Meteorological year","2023","2023","°C","1.987","E","Estimated value"
"ET","Temperature change on land","792","Türkiye","7271","Temperature change","7020","Meteorological year","2024","2024","°C","2.676","E","Estimated value"
"ET","Temperature change on land","795","Turkmenistan","7271","Temperature change","7020","Meteorological year","2018","2018","°C","1.563","E","Estimated value"
"ET","Temperature change on land","795","Turkmenistan","7271","Temperature change","7020","Meteorological year","2019","2019","°C","1.827","E","Estimated value"
"ET","Temperature change on land","795","Turkmenistan","7271","Temperature change","7020","Meteorological year","2020","2020","°C","1.54","E","Estimated value"
"ET","Temperature change on land","795","Turkmenistan","7271","Temperature change","7020","Meteorological year","2021","2021","°C","1.682","E","Estimated value"
"ET","Temperature change on land","795","Turkmenistan","7271","Temperature change","7020","Meteorological year","2022","2022","°C","2.554","E","Estimated value"
"ET","Temperature change on land","795","Turkmenistan","7271","Temperature change","7020","Meteorological year","2023","2023","°C","2.429","E","Estimated value"
"ET","Temperature change on land","795","Turkmenistan","7271","Temperature change","7020","Meteorological year","2024","2024","°C","2.391","E","Estimated value"
"ET","Temperature change on land","796","Turks and Caicos Islands","7271","Temperature change","7020","Meteorological year","2018","2018","°C","","O","Missing value"
"ET","Temperature change on land","796","Turks and Caicos Islands","7271","Temperature change","7020","Meteorological year","2019","2019","°C","","O","Missing value"
"ET","Temperature change on land","796","Turks and Caicos Islands","7271","Temperature change","7020","Meteorological year","2020","2020","°C","","O","Missing value"
"ET","Temperature change on land","796","Turks and Caicos Islands","7271","Temperature change","7020","Meteorological year","2021","2021","°C","","O","Missing value"
"ET","Temperature change on land","796","Turks and Caicos Islands","7271","Temperature change","7020","Meteorological year","2022","2022","°C","","O","Missing value"
"ET","Temperature change on land","796","Turks and Caicos Islands","7271","Temperature change","7020","Meteorological year","2023","2023","°C","","O","Missing value"
"ET","Temperature change on land","796","Turks and Caicos Islands","7271","Temperature change","7020","Meteorological year","2024","2024","°C","","O","Missing value"
"ET","Temperature change on land","798","Tuvalu","7271","Temperature change","7020","Meteorological year","2018","2018","°C","0.93","E","Estimated value"
"ET","Temperature change on land","798","Tuvalu","7271","Temperature change","7020","Meteorological year","2019","2019","°C","1.033","E","Estimated value"
"ET","Temperature change on land","798","Tuvalu","7271","Temperature change","7020","Meteorological year","2020","2020","°C","1.151","E","Estimated value"
"ET","Temperature change on land","798","Tuvalu","7271","Temperature change","7020","Meteorological year","2021","2021","°C","0.644","E","Estimated value"
"ET","Temperature change on land","798","Tuvalu","7271","Temperature change","7020","Meteorological year","2022","2022","°C","0.618","E","Estimated value"
"ET","Temperature change on land","798","Tuvalu","7271","Temperature change","7020","Meteorological year","2023","2023","°C","1.149","E","Estimated value"
"ET","Temperature change on land","798","Tuvalu","7271","Temperature change","7020","Meteorological year","2024","2024","°C","1.335","E","Estimated value"
"ET","Temperature change on land","800","Uganda","7271","Temperature change","7020","Meteorological year","2018","2018","°C","1.087","E","Estimated value"
"ET","Temperature change on land","800","Uganda","7271","Temperature change","7020","Meteorological year","2019","2019","°C","1.616","E","Estimated value"
"ET","Temperature change on land","800","Uganda","7271","Temperature change","7020","Meteorological year","2020","2020","°C","1.21","E","Estimated value"
"ET","Temperature change on land","800","Uganda","7271","Temperature change","7020","Meteorological year","2021","2021","°C","1.493","E","Estimated value"
"ET","Temperature change on land","800","Uganda","7271","Temperature change","7020","Meteorological year","2022","2022","°C","1.423","E","Estimated value"
"ET","Temperature change on land","800","Uganda","7271","Temperature change","7020","Meteorological year","2023","2023","°C","1.558","E","Estimated value"
"ET","Temperature change on land","800","Uganda","7271","Temperature change","7020","Meteorological year","2024","2024","°C","1.606","E","Estimated value"
"ET","Temperature change on land","804","Ukraine","7271","Temperature change","7020","Meteorological year","2018","2018","°C","2.178","E","Estimated value"
"ET","Temperature change on land","804","Ukraine","7271","Temperature change","7020","Meteorological year","2019","2019","°C","2.308","E","Estimated value"
"ET","Temperature change on land","804","Ukraine","7271","Temperature change","7020","Meteorological year","2020","2020","°C","3.051","E","Estimated value"
"ET","Temperature change on land","804","Ukraine","7271","Temperature change","7020","Meteorological year","2021","2021","°C","1.369","E","Estimated value"
"ET","Temperature change on land","804","Ukraine","7271","Temperature change","7020","Meteorological year","2022","2022","°C","1.83","E","Estimated value"
"ET","Temperature change on land","804","Ukraine","7271","Temperature change","7020","Meteorological year","2023","2023","°C","2.685","E","Estimated value"
"ET","Temperature change on land","804","Ukraine","7271","Temperature change","7020","Meteorological year","2024","2024","°C","3.418","E","Estimated value"
"ET","Temperature change on land","784","United Arab Emirates","7271","Temperature change","7020","Meteorological year","2018","2018","°C","1.576","E","Estimated value"
"ET","Temperature change on land","784","United Arab Emirates","7271","Temperature change","7020","Meteorological year","2019","2019","°C","1.265","E","Estimated value"
"ET","Temperature change on land","784","United Arab Emirates","7271","Temperature change","7020","Meteorological year","2020","2020","°C","1.269","E","Estimated value"
"ET","Temperature change on land","784","United Arab Emirates","7271","Temperature change","7020","Meteorological year","2021","2021","°C","1.759","E","Estimated value"
"ET","Temperature change on land","784","United Arab Emirates","7271","Temperature change","7020","Meteorological year","2022","2022","°C","1.532","E","Estimated value"
"ET","Temperature change on land","784","United Arab Emirates","7271","Temperature change","7020","Meteorological year","2023","2023","°C","1.655","E","Estimated value"
"ET","Temperature change on land","784","United Arab Emirates","7271","Temperature change","7020","Meteorological year","2024","2024","°C","1.784","E","Estimated value"
"ET","Temperature change on land","826","United Kingdom of Great Britain and Northern Ireland","7271","Temperature change","7020","Meteorological year","2018","2018","°C","0.982","E","Estimated value"
"ET","Temperature change on land","826","United Kingdom of Great Britain and Northern Ireland","7271","Temperature change","7020","Meteorological year","2019","2019","°C","1.217","E","Estimated value"
"ET","Temperature change on land","826","United Kingdom of Great Britain and Northern Ireland","7271","Temperature change","7020","Meteorological year","2020","2020","°C","1.363","E","Estimated value"
"ET","Temperature change on land","826","United Kingdom of Great Britain and Northern Ireland","7271","Temperature change","7020","Meteorological year","2021","2021","°C","0.921","E","Estimated value"
"ET","Temperature change on land","826","United Kingdom of Great Britain and Northern Ireland","7271","Temperature change","7020","Meteorological year","2022","2022","°C","1.904","E","Estimated value"
"ET","Temperature change on land","826","United Kingdom of Great Britain and Northern Ireland","7271","Temperature change","7020","Meteorological year","2023","2023","°C","1.469","E","Estimated value"
"ET","Temperature change on land","826","United Kingdom of Great Britain and Northern Ireland","7271","Temperature change","7020","Meteorological year","2024","2024","°C","1.485","E","Estimated value"
"ET","Temperature change on land","834","United Republic of Tanzania","7271","Temperature change","7020","Meteorological year","2018","2018","°C","1.062","E","Estimated value"
"ET","Temperature change on land","834","United Republic of Tanzania","7271","Temperature change","7020","Meteorological year","2019","2019","°C","1.395","E","Estimated value"
"ET","Temperature change on land","834","United Republic of Tanzania","7271","Temperature change","7020","Meteorological year","2020","2020","°C","1.078","E","Estimated value"
"ET","Temperature change on land","834","United Republic of Tanzania","7271","Temperature change","7020","Meteorological year","2021","2021","°C","1.153","E","Estimated value"
"ET","Temperature change on land","834","United Republic of Tanzania","7271","Temperature change","7020","Meteorological year","2022","2022","°C","1","E","Estimated value"
"ET","Temperature change on land","834","United Republic of Tanzania","7271","Temperature change","7020","Meteorological year","2023","2023","°C","1.374","E","Estimated value"
"ET","Temperature change on land","834","United Republic of Tanzania","7271","Temperature change","7020","Meteorological year","2024","2024","°C","1.376","E","Estimated value"
"ET","Temperature change on land","840","United States of America","7271","Temperature change","7020","Meteorological year","2018","2018","°C","1.254","E","Estimated value"
"ET","Temperature change on land","840","United States of America","7271","Temperature change","7020","Meteorological year","2019","2019","°C","1.009","E","Estimated value"
"ET","Temperature change on land","840","United States of America","7271","Temperature change","7020","Meteorological year","2020","2020","°C","1.307","E","Estimated value"
"ET","Temperature change on land","840","United States of America","7271","Temperature change","7020","Meteorological year","2021","2021","°C","1.149","E","Estimated value"
"ET","Temperature change on land","840","United States of America","7271","Temperature change","7020","Meteorological year","2022","2022","°C","1.199","E","Estimated value"
"ET","Temperature change on land","840","United States of America","7271","Temperature change","7020","Meteorological year","2023","2023","°C","1.194","E","Estimated value"
"ET","Temperature change on land","840","United States of America","7271","Temperature change","7020","Meteorological year","2024","2024","°C","1.947","E","Estimated value"
"ET","Temperature change on land","850","United States Virgin Islands","7271","Temperature change","7020","Meteorological year","2018","2018","°C","0.575","E","Estimated value"
"ET","Temperature change on land","850","United States Virgin Islands","7271","Temperature change","7020","Meteorological year","2019","2019","°C","0.77","E","Estimated value"
"ET","Temperature change on land","850","United States Virgin Islands","7271","Temperature change","7020","Meteorological year","2020","2020","°C","1.204","E","Estimated value"
"ET","Temperature change on land","850","United States Virgin Islands","7271","Temperature change","7020","Meteorological year","2021","2021","°C","0.778","E","Estimated value"
"ET","Temperature change on land","850","United States Virgin Islands","7271","Temperature change","7020","Meteorological year","2022","2022","°C","0.856","E","Estimated value"
"ET","Temperature change on land","850","United States Virgin Islands","7271","Temperature change","7020","Meteorological year","2023","2023","°C","1.246","E","Estimated value"
"ET","Temperature change on land","850","United States Virgin Islands","7271","Temperature change","7020","Meteorological year","2024","2024","°C","1.543","E","Estimated value"
"ET","Temperature change on land","858","Uruguay","7271","Temperature change","7020","Meteorological year","2018","2018","°C","1.344","E","Estimated value"
"ET","Temperature change on land","858","Uruguay","7271","Temperature change","7020","Meteorological year","2019","2019","°C","0.982","E","Estimated value"
"ET","Temperature change on land","858","Uruguay","7271","Temperature change","7020","Meteorological year","2020","2020","°C","1.004","E","Estimated value"
"ET","Temperature change on land","858","Uruguay","7271","Temperature change","7020","Meteorological year","2021","2021","°C","0.962","E","Estimated value"
"ET","Temperature change on land","858","Uruguay","7271","Temperature change","7020","Meteorological year","2022","2022","°C","0.577","E","Estimated value"
"ET","Temperature change on land","858","Uruguay","7271","Temperature change","7020","Meteorological year","2023","2023","°C","1.7","E","Estimated value"
"ET","Temperature change on land","858","Uruguay","7271","Temperature change","7020","Meteorological year","2024","2024","°C","1.084","E","Estimated value"
"ET","Temperature change on land","860","Uzbekistan","7271","Temperature change","7020","Meteorological year","2018","2018","°C","1.063","E","Estimated value"
"ET","Temperature change on land","860","Uzbekistan","7271","Temperature change","7020","Meteorological year","2019","2019","°C","1.941","E","Estimated value"
"ET","Temperature change on land","860","Uzbekistan","7271","Temperature change","7020","Meteorological year","2020","2020","°C","1.719","E","Estimated value"
"ET","Temperature change on land","860","Uzbekistan","7271","Temperature change","7020","Meteorological year","2021","2021","°C","1.548","E","Estimated value"
"ET","Temperature change on land","860","Uzbekistan","7271","Temperature change","7020","Meteorological year","2022","2022","°C","2.627","E","Estimated value"
"ET","Temperature change on land","860","Uzbekistan","7271","Temperature change","7020","Meteorological year","2023","2023","°C","2.433","E","Estimated value"
"ET","Temperature change on land","860","Uzbekistan","7271","Temperature change","7020","Meteorological year","2024","2024","°C","2.138","E","Estimated value"
"ET","Temperature change on land","548","Vanuatu","7271","Temperature change","7020","Meteorological year","2018","2018","°C","0.452","E","Estimated value"
"ET","Temperature change on land","548","Vanuatu","7271","Temperature change","7020","Meteorological year","2019","2019","°C","0.77","E","Estimated value"
"ET","Temperature change on land","548","Vanuatu","7271","Temperature change","7020","Meteorological year","2020","2020","°C","1.054","E","Estimated value"
"ET","Temperature change on land","548","Vanuatu","7271","Temperature change","7020","Meteorological year","2021","2021","°C","0.928","E","Estimated value"
"ET","Temperature change on land","548","Vanuatu","7271","Temperature change","7020","Meteorological year","2022","2022","°C","1.248","E","Estimated value"
"ET","Temperature change on land","548","Vanuatu","7271","Temperature change","7020","Meteorological year","2023","2023","°C","0.807","E","Estimated value"
"ET","Temperature change on land","548","Vanuatu","7271","Temperature change","7020","Meteorological year","2024","2024","°C","1.127","E","Estimated value"
"ET","Temperature change on land","862","Venezuela (Bolivarian Republic of)","7271","Temperature change","7020","Meteorological year","2018","2018","°C","1.144","E","Estimated value"
"ET","Temperature change on land","862","Venezuela (Bolivarian Republic of)","7271","Temperature change","7020","Meteorological year","2019","2019","°C","1.54","E","Estimated value"
"ET","Temperature change on land","862","Venezuela (Bolivarian Republic of)","7271","Temperature change","7020","Meteorological year","2020","2020","°C","1.676","E","Estimated value"
"ET","Temperature change on land","862","Venezuela (Bolivarian Republic of)","7271","Temperature change","7020","Meteorological year","2021","2021","°C","1.078","E","Estimated value"
"ET","Temperature change on land","862","Venezuela (Bolivarian Republic of)","7271","Temperature change","7020","Meteorological year","2022","2022","°C","1.057","E","Estimated value"
"ET","Temperature change on land","862","Venezuela (Bolivarian Republic of)","7271","Temperature change","7020","Meteorological year","2023","2023","°C","1.752","E","Estimated value"
"ET","Temperature change on land","862","Venezuela (Bolivarian Republic of)","7271","Temperature change","7020","Meteorological year","2024","2024","°C","2.25","E","Estimated value"
"ET","Temperature change on land","704","Viet Nam","7271","Temperature change","7020","Meteorological year","2018","2018","°C","0.849","E","Estimated value"
"ET","Temperature change on land","704","Viet Nam","7271","Temperature change","7020","Meteorological year","2019","2019","°C","1.819","E","Estimated value"
"ET","Temperature change on land","704","Viet Nam","7271","Temperature change","7020","Meteorological year","2020","2020","°C","1.498","E","Estimated value"
"ET","Temperature change on land","704","Viet Nam","7271","Temperature change","7020","Meteorological year","2021","2021","°C","1.12","E","Estimated value"
"ET","Temperature change on land","704","Viet Nam","7271","Temperature change","7020","Meteorological year","2022","2022","°C","1.036","E","Estimated value"
"ET","Temperature change on land","704","Viet Nam","7271","Temperature change","7020","Meteorological year","2023","2023","°C","1.443","E","Estimated value"
"ET","Temperature change on land","704","Viet Nam","7271","Temperature change","7020","Meteorological year","2024","2024","°C","1.914","E","Estimated value"
"ET","Temperature change on land","872","Wake Island","7271","Temperature change","7020","Meteorological year","2018","2018","°C","0.848","E","Estimated value"
"ET","Temperature change on land","872","Wake Island","7271","Temperature change","7020","Meteorological year","2019","2019","°C","","O","Missing value"
"ET","Temperature change on land","872","Wake Island","7271","Temperature change","7020","Meteorological year","2020","2020","°C","","O","Missing value"
"ET","Temperature change on land","872","Wake Island","7271","Temperature change","7020","Meteorological year","2021","2021","°C","1.14","E","Estimated value"
"ET","Temperature change on land","872","Wake Island","7271","Temperature change","7020","Meteorological year","2022","2022","°C","1.061","E","Estimated value"
"ET","Temperature change on land","872","Wake Island","7271","Temperature change","7020","Meteorological year","2023","2023","°C","0.864","E","Estimated value"
"ET","Temperature change on land","872","Wake Island","7271","Temperature change","7020","Meteorological year","2024","2024","°C","1.173","E","Estimated value"
"ET","Temperature change on land","876","Wallis and Futuna Islands","7271","Temperature change","7020","Meteorological year","2018","2018","°C","0.934","E","Estimated value"
"ET","Temperature change on land","876","Wallis and Futuna Islands","7271","Temperature change","7020","Meteorological year","2019","2019","°C","1.425","E","Estimated value"
"ET","Temperature change on land","876","Wallis and Futuna Islands","7271","Temperature change","7020","Meteorological year","2020","2020","°C","1.28","E","Estimated value"
"ET","Temperature change on land","876","Wallis and Futuna Islands","7271","Temperature change","7020","Meteorological year","2021","2021","°C","1.059","E","Estimated value"
"ET","Temperature change on land","876","Wallis and Futuna Islands","7271","Temperature change","7020","Meteorological year","2022","2022","°C","0.837","E","Estimated value"
"ET","Temperature change on land","876","Wallis and Futuna Islands","7271","Temperature change","7020","Meteorological year","2023","2023","°C","1.042","E","Estimated value"
"ET","Temperature change on land","876","Wallis and Futuna Islands","7271","Temperature change","7020","Meteorological year","2024","2024","°C","1.444","E","Estimated value"
"ET","Temperature change on land","732","Western Sahara","7271","Temperature change","7020","Meteorological year","2018","2018","°C","0.789","E","Estimated value"
"ET","Temperature change on land","732","Western Sahara","7271","Temperature change","7020","Meteorological year","2019","2019","°C","1.33","E","Estimated value"
"ET","Temperature change on land","732","Western Sahara","7271","Temperature change","7020","Meteorological year","2020","2020","°C","1.908","E","Estimated value"
"ET","Temperature change on land","732","Western Sahara","7271","Temperature change","7020","Meteorological year","2021","2021","°C","1.427","E","Estimated value"
"ET","Temperature change on land","732","Western Sahara","7271","Temperature change","7020","Meteorological year","2022","2022","°C","1.847","E","Estimated value"
"ET","Temperature change on land","732","Western Sahara","7271","Temperature change","7020","Meteorological year","2023","2023","°C","2.309","E","Estimated value"
"ET","Temperature change on land","732","Western Sahara","7271","Temperature change","7020","Meteorological year","2024","2024","°C","2.087","E","Estimated value"
"ET","Temperature change on land","887","Yemen","7271","Temperature change","7020","Meteorological year","2018","2018","°C","","O","Missing value"
"ET","Temperature change on land","887","Yemen","7271","Temperature change","7020","Meteorological year","2019","2019","°C","","O","Missing value"
"ET","Temperature change on land","887","Yemen","7271","Temperature change","7020","Meteorological year","2020","2020","°C","","O","Missing value"
"ET","Temperature change on land","887","Yemen","7271","Temperature change","7020","Meteorological year","2021","2021","°C","","O","Missing value"
"ET","Temperature change on land","887","Yemen","7271","Temperature change","7020","Meteorological year","2022","2022","°C","","O","Missing value"
"ET","Temperature change on land","887","Yemen","7271","Temperature change","7020","Meteorological year","2023","2023","°C","","O","Missing value"
"ET","Temperature change on land","887","Yemen","7271","Temperature change","7020","Meteorological year","2024","2024","°C","","O","Missing value"
"ET","Temperature change on land","894","Zambia","7271","Temperature change","7020","Meteorological year","2018","2018","°C","0.738","E","Estimated value"
"ET","Temperature change on land","894","Zambia","7271","Temperature change","7020","Meteorological year","2019","2019","°C","1.216","E","Estimated value"
"ET","Temperature change on land","894","Zambia","7271","Temperature change","7020","Meteorological year","2020","2020","°C","1.106","E","Estimated value"
"ET","Temperature change on land","894","Zambia","7271","Temperature change","7020","Meteorological year","2021","2021","°C","1.215","E","Estimated value"
"ET","Temperature change on land","894","Zambia","7271","Temperature change","7020","Meteorological year","2022","2022","°C","0.826","E","Estimated value"
"ET","Temperature change on land","894","Zambia","7271","Temperature change","7020","Meteorological year","2023","2023","°C","1.291","E","Estimated value"
"ET","Temperature change on land","894","Zambia","7271","Temperature change","7020","Meteorological year","2024","2024","°C","1.663","E","Estimated value"
"ET","Temperature change on land","716","Zimbabwe","7271","Temperature change","7020","Meteorological year","2018","2018","°C","0.562","E","Estimated value"
"ET","Temperature change on land","716","Zimbabwe","7271","Temperature change","7020","Meteorological year","2019","2019","°C","1.133","E","Estimated value"
"ET","Temperature change on land","716","Zimbabwe","7271","Temperature change","7020","Meteorological year","2020","2020","°C","0.527","E","Estimated value"
"ET","Temperature change on land","716","Zimbabwe","7271","Temperature change","7020","Meteorological year","2021","2021","°C","0.111","E","Estimated value"
"ET","Temperature change on land","716","Zimbabwe","7271","Temperature change","7020","Meteorological year","2022","2022","°C","0.382","E","Estimated value"
"ET","Temperature change on land","716","Zimbabwe","7271","Temperature change","7020","Meteorological year","2023","2023","°C","0.928","E","Estimated value"
"ET","Temperature change on land","716","Zimbabwe","7271","Temperature change","7020","Meteorological year","2024","2024","°C","1.479","E","Estimated value"
